name,latitude,longitude,x,y
ref_000000.jpg,50.45549911906162,30.51104142189027,-635.0094207839772,612.1947110552117
ref_000001.jpg,50.45549911906162,30.511604685783396,-595.0836787586373,612.1947110552117
ref_000002.jpg,50.45549911906162,30.512167949676524,-555.1579367332974,612.1947110552117
ref_000003.jpg,50.45549911906162,30.51273121356965,-515.2321947079575,612.1947110552117
ref_000004.jpg,50.45549911906162,30.51329447746278,-475.3064526826177,612.1947110552117
ref_000005.jpg,50.45549911906162,30.513857741355906,-435.3807106572778,612.1947110552117
ref_000006.jpg,50.45549911906162,30.514421005249034,-395.4549686319379,612.1947110552117
ref_000007.jpg,50.45549911906162,30.51498426914216,-355.52922660659806,612.1947110552117
ref_000008.jpg,50.45549911906162,30.51554753303529,-315.60348458125816,612.1947110552117
ref_000009.jpg,50.45549911906162,30.516110796928416,-275.67774255591826,612.1947110552117
ref_000010.jpg,50.45549911906162,30.516674060821543,-235.75200053057839,612.1947110552117
ref_000011.jpg,50.45549911906162,30.51723732471467,-195.82625850523848,612.1947110552117
ref_000012.jpg,50.45549911906162,30.5178005886078,-155.9005164798986,612.1947110552117
ref_000013.jpg,50.45549911906162,30.518363852500926,-115.97477445455871,612.1947110552117
ref_000014.jpg,50.45549911906162,30.518927116394053,-76.04903242921883,612.1947110552117
ref_000015.jpg,50.45549911906162,30.51949038028718,-36.12329040387895,612.1947110552117
ref_000016.jpg,50.45549911906162,30.520053644180308,3.802451621460942,612.1947110552117
ref_000017.jpg,50.45549911906162,30.520616908073436,43.728193646800825,612.1947110552117
ref_000018.jpg,50.45549911906162,30.521180171966563,83.65393567214072,612.1947110552117
ref_000019.jpg,50.45549911906162,30.52174343585969,123.5796776974806,612.1947110552117
ref_000020.jpg,50.45549911906162,30.522306699752818,163.50541972282048,612.1947110552117
ref_000021.jpg,50.45549911906162,30.522869963645945,203.43116174816038,612.1947110552117
ref_000022.jpg,50.45549911906162,30.523433227539073,243.35690377350028,612.1947110552117
ref_000023.jpg,50.45549911906162,30.5239964914322,283.2826457988402,612.1947110552117
ref_000024.jpg,50.45549911906162,30.524559755325328,323.20838782418,612.1947110552117
ref_000025.jpg,50.45549911906162,30.525123019218455,363.1341298495199,612.1947110552117
ref_000026.jpg,50.45549911906162,30.525686283111582,403.0598718748598,612.1947110552117
ref_000027.jpg,50.45549911906162,30.52624954700471,442.9856139001997,612.1947110552117
ref_000028.jpg,50.45549911906162,30.526812810897837,482.91135592553957,612.1947110552117
ref_000029.jpg,50.45549911906162,30.527376074790965,522.8370979508795,612.1947110552117
ref_000030.jpg,50.45549911906162,30.527939338684092,562.7628399762193,612.1947110552117
ref_000031.jpg,50.45549911906162,30.52850260257722,602.6885820015592,612.1947110552117
ref_000032.jpg,50.45549911906162,30.529065866470347,642.6143240268991,612.1947110552117
ref_000033.jpg,50.45549911906162,30.529629130363475,682.540066052239,612.1947110552117
ref_000034.jpg,50.45514050034565,30.51104142189027,-635.0094207839772,572.2689690298718
ref_000035.jpg,50.45514050034565,30.511604685783396,-595.0836787586373,572.2689690298718
ref_000036.jpg,50.45514050034565,30.512167949676524,-555.1579367332974,572.2689690298718
ref_000037.jpg,50.45514050034565,30.51273121356965,-515.2321947079575,572.2689690298718
ref_000038.jpg,50.45514050034565,30.51329447746278,-475.3064526826177,572.2689690298718
ref_000039.jpg,50.45514050034565,30.513857741355906,-435.3807106572778,572.2689690298718
ref_000040.jpg,50.45514050034565,30.514421005249034,-395.4549686319379,572.2689690298718
ref_000041.jpg,50.45514050034565,30.51498426914216,-355.52922660659806,572.2689690298718
ref_000042.jpg,50.45514050034565,30.51554753303529,-315.60348458125816,572.2689690298718
ref_000043.jpg,50.45514050034565,30.516110796928416,-275.67774255591826,572.2689690298718
ref_000044.jpg,50.45514050034565,30.516674060821543,-235.75200053057839,572.2689690298718
ref_000045.jpg,50.45514050034565,30.51723732471467,-195.82625850523848,572.2689690298718
ref_000046.jpg,50.45514050034565,30.5178005886078,-155.9005164798986,572.2689690298718
ref_000047.jpg,50.45514050034565,30.518363852500926,-115.97477445455871,572.2689690298718
ref_000048.jpg,50.45514050034565,30.518927116394053,-76.04903242921883,572.2689690298718
ref_000049.jpg,50.45514050034565,30.51949038028718,-36.12329040387895,572.2689690298718
ref_000050.jpg,50.45514050034565,30.520053644180308,3.802451621460942,572.2689690298718
ref_000051.jpg,50.45514050034565,30.520616908073436,43.728193646800825,572.2689690298718
ref_000052.jpg,50.45514050034565,30.521180171966563,83.65393567214072,572.2689690298718
ref_000053.jpg,50.45514050034565,30.52174343585969,123.5796776974806,572.2689690298718
ref_000054.jpg,50.45514050034565,30.522306699752818,163.50541972282048,572.2689690298718
ref_000055.jpg,50.45514050034565,30.522869963645945,203.43116174816038,572.2689690298718
ref_000056.jpg,50.45514050034565,30.523433227539073,243.35690377350028,572.2689690298718
ref_000057.jpg,50.45514050034565,30.5239964914322,283.2826457988402,572.2689690298718
ref_000058.jpg,50.45514050034565,30.524559755325328,323.20838782418,572.2689690298718
ref_000059.jpg,50.45514050034565,30.525123019218455,363.1341298495199,572.2689690298718
ref_000060.jpg,50.45514050034565,30.525686283111582,403.0598718748598,572.2689690298718
ref_000061.jpg,50.45514050034565,30.52624954700471,442.9856139001997,572.2689690298718
ref_000062.jpg,50.45514050034565,30.526812810897837,482.91135592553957,572.2689690298718
ref_000063.jpg,50.45514050034565,30.527376074790965,522.8370979508795,572.2689690298718
ref_000064.jpg,50.45514050034565,30.527939338684092,562.7628399762193,572.2689690298718
ref_000065.jpg,50.45514050034565,30.52850260257722,602.6885820015592,572.2689690298718
ref_000066.jpg,50.45514050034565,30.529065866470347,642.6143240268991,572.2689690298718
ref_000067.jpg,50.45514050034565,30.529629130363475,682.540066052239,572.2689690298718
ref_000068.jpg,50.45478187891104,30.51104142189027,-635.0094207839772,532.3432270045319
ref_000069.jpg,50.45478187891104,30.511604685783396,-595.0836787586373,532.3432270045319
ref_000070.jpg,50.45478187891104,30.512167949676524,-555.1579367332974,532.3432270045319
ref_000071.jpg,50.45478187891104,30.51273121356965,-515.2321947079575,532.3432270045319
ref_000072.jpg,50.45478187891104,30.51329447746278,-475.3064526826177,532.3432270045319
ref_000073.jpg,50.45478187891104,30.513857741355906,-435.3807106572778,532.3432270045319
ref_000074.jpg,50.45478187891104,30.514421005249034,-395.4549686319379,532.3432270045319
ref_000075.jpg,50.45478187891104,30.51498426914216,-355.52922660659806,532.3432270045319
ref_000076.jpg,50.45478187891104,30.51554753303529,-315.60348458125816,532.3432270045319
ref_000077.jpg,50.45478187891104,30.516110796928416,-275.67774255591826,532.3432270045319
ref_000078.jpg,50.45478187891104,30.516674060821543,-235.75200053057839,532.3432270045319
ref_000079.jpg,50.45478187891104,30.51723732471467,-195.82625850523848,532.3432270045319
ref_000080.jpg,50.45478187891104,30.5178005886078,-155.9005164798986,532.3432270045319
ref_000081.jpg,50.45478187891104,30.518363852500926,-115.97477445455871,532.3432270045319
ref_000082.jpg,50.45478187891104,30.518927116394053,-76.04903242921883,532.3432270045319
ref_000083.jpg,50.45478187891104,30.51949038028718,-36.12329040387895,532.3432270045319
ref_000084.jpg,50.45478187891104,30.520053644180308,3.802451621460942,532.3432270045319
ref_000085.jpg,50.45478187891104,30.520616908073436,43.728193646800825,532.3432270045319
ref_000086.jpg,50.45478187891104,30.521180171966563,83.65393567214072,532.3432270045319
ref_000087.jpg,50.45478187891104,30.52174343585969,123.5796776974806,532.3432270045319
ref_000088.jpg,50.45478187891104,30.522306699752818,163.50541972282048,532.3432270045319
ref_000089.jpg,50.45478187891104,30.522869963645945,203.43116174816038,532.3432270045319
ref_000090.jpg,50.45478187891104,30.523433227539073,243.35690377350028,532.3432270045319
ref_000091.jpg,50.45478187891104,30.5239964914322,283.2826457988402,532.3432270045319
ref_000092.jpg,50.45478187891104,30.524559755325328,323.20838782418,532.3432270045319
ref_000093.jpg,50.45478187891104,30.525123019218455,363.1341298495199,532.3432270045319
ref_000094.jpg,50.45478187891104,30.525686283111582,403.0598718748598,532.3432270045319
ref_000095.jpg,50.45478187891104,30.52624954700471,442.9856139001997,532.3432270045319
ref_000096.jpg,50.45478187891104,30.526812810897837,482.91135592553957,532.3432270045319
ref_000097.jpg,50.45478187891104,30.527376074790965,522.8370979508795,532.3432270045319
ref_000098.jpg,50.45478187891104,30.527939338684092,562.7628399762193,532.3432270045319
ref_000099.jpg,50.45478187891104,30.52850260257722,602.6885820015592,532.3432270045319
ref_000100.jpg,50.45478187891104,30.529065866470347,642.6143240268991,532.3432270045319
ref_000101.jpg,50.45478187891104,30.529629130363475,682.540066052239,532.3432270045319
ref_000102.jpg,50.45442325475781,30.51104142189027,-635.0094207839772,492.41748497919195
ref_000103.jpg,50.45442325475781,30.511604685783396,-595.0836787586373,492.41748497919195
ref_000104.jpg,50.45442325475781,30.512167949676524,-555.1579367332974,492.41748497919195
ref_000105.jpg,50.45442325475781,30.51273121356965,-515.2321947079575,492.41748497919195
ref_000106.jpg,50.45442325475781,30.51329447746278,-475.3064526826177,492.41748497919195
ref_000107.jpg,50.45442325475781,30.513857741355906,-435.3807106572778,492.41748497919195
ref_000108.jpg,50.45442325475781,30.514421005249034,-395.4549686319379,492.41748497919195
ref_000109.jpg,50.45442325475781,30.51498426914216,-355.52922660659806,492.41748497919195
ref_000110.jpg,50.45442325475781,30.51554753303529,-315.60348458125816,492.41748497919195
ref_000111.jpg,50.45442325475781,30.516110796928416,-275.67774255591826,492.41748497919195
ref_000112.jpg,50.45442325475781,30.516674060821543,-235.75200053057839,492.41748497919195
ref_000113.jpg,50.45442325475781,30.51723732471467,-195.82625850523848,492.41748497919195
ref_000114.jpg,50.45442325475781,30.5178005886078,-155.9005164798986,492.41748497919195
ref_000115.jpg,50.45442325475781,30.518363852500926,-115.97477445455871,492.41748497919195
ref_000116.jpg,50.45442325475781,30.518927116394053,-76.04903242921883,492.41748497919195
ref_000117.jpg,50.45442325475781,30.51949038028718,-36.12329040387895,492.41748497919195
ref_000118.jpg,50.45442325475781,30.520053644180308,3.802451621460942,492.41748497919195
ref_000119.jpg,50.45442325475781,30.520616908073436,43.728193646800825,492.41748497919195
ref_000120.jpg,50.45442325475781,30.521180171966563,83.65393567214072,492.41748497919195
ref_000121.jpg,50.45442325475781,30.52174343585969,123.5796776974806,492.41748497919195
ref_000122.jpg,50.45442325475781,30.522306699752818,163.50541972282048,492.41748497919195
ref_000123.jpg,50.45442325475781,30.522869963645945,203.43116174816038,492.41748497919195
ref_000124.jpg,50.45442325475781,30.523433227539073,243.35690377350028,492.41748497919195
ref_000125.jpg,50.45442325475781,30.5239964914322,283.2826457988402,492.41748497919195
ref_000126.jpg,50.45442325475781,30.524559755325328,323.20838782418,492.41748497919195
ref_000127.jpg,50.45442325475781,30.525123019218455,363.1341298495199,492.41748497919195
ref_000128.jpg,50.45442325475781,30.525686283111582,403.0598718748598,492.41748497919195
ref_000129.jpg,50.45442325475781,30.52624954700471,442.9856139001997,492.41748497919195
ref_000130.jpg,50.45442325475781,30.526812810897837,482.91135592553957,492.41748497919195
ref_000131.jpg,50.45442325475781,30.527376074790965,522.8370979508795,492.41748497919195
ref_000132.jpg,50.45442325475781,30.527939338684092,562.7628399762193,492.41748497919195
ref_000133.jpg,50.45442325475781,30.52850260257722,602.6885820015592,492.41748497919195
ref_000134.jpg,50.45442325475781,30.529065866470347,642.6143240268991,492.41748497919195
ref_000135.jpg,50.45442325475781,30.529629130363475,682.540066052239,492.41748497919195
ref_000136.jpg,50.454064627885934,30.51104142189027,-635.0094207839772,452.49174295385205
ref_000137.jpg,50.454064627885934,30.511604685783396,-595.0836787586373,452.49174295385205
ref_000138.jpg,50.454064627885934,30.512167949676524,-555.1579367332974,452.49174295385205
ref_000139.jpg,50.454064627885934,30.51273121356965,-515.2321947079575,452.49174295385205
ref_000140.jpg,50.454064627885934,30.51329447746278,-475.3064526826177,452.49174295385205
ref_000141.jpg,50.454064627885934,30.513857741355906,-435.3807106572778,452.49174295385205
ref_000142.jpg,50.454064627885934,30.514421005249034,-395.4549686319379,452.49174295385205
ref_000143.jpg,50.454064627885934,30.51498426914216,-355.52922660659806,452.49174295385205
ref_000144.jpg,50.454064627885934,30.51554753303529,-315.60348458125816,452.49174295385205
ref_000145.jpg,50.454064627885934,30.516110796928416,-275.67774255591826,452.49174295385205
ref_000146.jpg,50.454064627885934,30.516674060821543,-235.75200053057839,452.49174295385205
ref_000147.jpg,50.454064627885934,30.51723732471467,-195.82625850523848,452.49174295385205
ref_000148.jpg,50.454064627885934,30.5178005886078,-155.9005164798986,452.49174295385205
ref_000149.jpg,50.454064627885934,30.518363852500926,-115.97477445455871,452.49174295385205
ref_000150.jpg,50.454064627885934,30.518927116394053,-76.04903242921883,452.49174295385205
ref_000151.jpg,50.454064627885934,30.51949038028718,-36.12329040387895,452.49174295385205
ref_000152.jpg,50.454064627885934,30.520053644180308,3.802451621460942,452.49174295385205
ref_000153.jpg,50.454064627885934,30.520616908073436,43.728193646800825,452.49174295385205
ref_000154.jpg,50.454064627885934,30.521180171966563,83.65393567214072,452.49174295385205
ref_000155.jpg,50.454064627885934,30.52174343585969,123.5796776974806,452.49174295385205
ref_000156.jpg,50.454064627885934,30.522306699752818,163.50541972282048,452.49174295385205
ref_000157.jpg,50.454064627885934,30.522869963645945,203.43116174816038,452.49174295385205
ref_000158.jpg,50.454064627885934,30.523433227539073,243.35690377350028,452.49174295385205
ref_000159.jpg,50.454064627885934,30.5239964914322,283.2826457988402,452.49174295385205
ref_000160.jpg,50.454064627885934,30.524559755325328,323.20838782418,452.49174295385205
ref_000161.jpg,50.454064627885934,30.525123019218455,363.1341298495199,452.49174295385205
ref_000162.jpg,50.454064627885934,30.525686283111582,403.0598718748598,452.49174295385205
ref_000163.jpg,50.454064627885934,30.52624954700471,442.9856139001997,452.49174295385205
ref_000164.jpg,50.454064627885934,30.526812810897837,482.91135592553957,452.49174295385205
ref_000165.jpg,50.454064627885934,30.527376074790965,522.8370979508795,452.49174295385205
ref_000166.jpg,50.454064627885934,30.527939338684092,562.7628399762193,452.49174295385205
ref_000167.jpg,50.454064627885934,30.52850260257722,602.6885820015592,452.49174295385205
ref_000168.jpg,50.454064627885934,30.529065866470347,642.6143240268991,452.49174295385205
ref_000169.jpg,50.454064627885934,30.529629130363475,682.540066052239,452.49174295385205
ref_000170.jpg,50.45370599829541,30.51104142189027,-635.0094207839772,412.56600092851215
ref_000171.jpg,50.45370599829541,30.511604685783396,-595.0836787586373,412.56600092851215
ref_000172.jpg,50.45370599829541,30.512167949676524,-555.1579367332974,412.56600092851215
ref_000173.jpg,50.45370599829541,30.51273121356965,-515.2321947079575,412.56600092851215
ref_000174.jpg,50.45370599829541,30.51329447746278,-475.3064526826177,412.56600092851215
ref_000175.jpg,50.45370599829541,30.513857741355906,-435.3807106572778,412.56600092851215
ref_000176.jpg,50.45370599829541,30.514421005249034,-395.4549686319379,412.56600092851215
ref_000177.jpg,50.45370599829541,30.51498426914216,-355.52922660659806,412.56600092851215
ref_000178.jpg,50.45370599829541,30.51554753303529,-315.60348458125816,412.56600092851215
ref_000179.jpg,50.45370599829541,30.516110796928416,-275.67774255591826,412.56600092851215
ref_000180.jpg,50.45370599829541,30.516674060821543,-235.75200053057839,412.56600092851215
ref_000181.jpg,50.45370599829541,30.51723732471467,-195.82625850523848,412.56600092851215
ref_000182.jpg,50.45370599829541,30.5178005886078,-155.9005164798986,412.56600092851215
ref_000183.jpg,50.45370599829541,30.518363852500926,-115.97477445455871,412.56600092851215
ref_000184.jpg,50.45370599829541,30.518927116394053,-76.04903242921883,412.56600092851215
ref_000185.jpg,50.45370599829541,30.51949038028718,-36.12329040387895,412.56600092851215
ref_000186.jpg,50.45370599829541,30.520053644180308,3.802451621460942,412.56600092851215
ref_000187.jpg,50.45370599829541,30.520616908073436,43.728193646800825,412.56600092851215
ref_000188.jpg,50.45370599829541,30.521180171966563,83.65393567214072,412.56600092851215
ref_000189.jpg,50.45370599829541,30.52174343585969,123.5796776974806,412.56600092851215
ref_000190.jpg,50.45370599829541,30.522306699752818,163.50541972282048,412.56600092851215
ref_000191.jpg,50.45370599829541,30.522869963645945,203.43116174816038,412.56600092851215
ref_000192.jpg,50.45370599829541,30.523433227539073,243.35690377350028,412.56600092851215
ref_000193.jpg,50.45370599829541,30.5239964914322,283.2826457988402,412.56600092851215
ref_000194.jpg,50.45370599829541,30.524559755325328,323.20838782418,412.56600092851215
ref_000195.jpg,50.45370599829541,30.525123019218455,363.1341298495199,412.56600092851215
ref_000196.jpg,50.45370599829541,30.525686283111582,403.0598718748598,412.56600092851215
ref_000197.jpg,50.45370599829541,30.52624954700471,442.9856139001997,412.56600092851215
ref_000198.jpg,50.45370599829541,30.526812810897837,482.91135592553957,412.56600092851215
ref_000199.jpg,50.45370599829541,30.527376074790965,522.8370979508795,412.56600092851215
ref_000200.jpg,50.45370599829541,30.527939338684092,562.7628399762193,412.56600092851215
ref_000201.jpg,50.45370599829541,30.52850260257722,602.6885820015592,412.56600092851215
ref_000202.jpg,50.45370599829541,30.529065866470347,642.6143240268991,412.56600092851215
ref_000203.jpg,50.45370599829541,30.529629130363475,682.540066052239,412.56600092851215
ref_000204.jpg,50.45334736598625,30.51104142189027,-635.0094207839772,372.64025890317225
ref_000205.jpg,50.45334736598625,30.511604685783396,-595.0836787586373,372.64025890317225
ref_000206.jpg,50.45334736598625,30.512167949676524,-555.1579367332974,372.64025890317225
ref_000207.jpg,50.45334736598625,30.51273121356965,-515.2321947079575,372.64025890317225
ref_000208.jpg,50.45334736598625,30.51329447746278,-475.3064526826177,372.64025890317225
ref_000209.jpg,50.45334736598625,30.513857741355906,-435.3807106572778,372.64025890317225
ref_000210.jpg,50.45334736598625,30.514421005249034,-395.4549686319379,372.64025890317225
ref_000211.jpg,50.45334736598625,30.51498426914216,-355.52922660659806,372.64025890317225
ref_000212.jpg,50.45334736598625,30.51554753303529,-315.60348458125816,372.64025890317225
ref_000213.jpg,50.45334736598625,30.516110796928416,-275.67774255591826,372.64025890317225
ref_000214.jpg,50.45334736598625,30.516674060821543,-235.75200053057839,372.64025890317225
ref_000215.jpg,50.45334736598625,30.51723732471467,-195.82625850523848,372.64025890317225
ref_000216.jpg,50.45334736598625,30.5178005886078,-155.9005164798986,372.64025890317225
ref_000217.jpg,50.45334736598625,30.518363852500926,-115.97477445455871,372.64025890317225
ref_000218.jpg,50.45334736598625,30.518927116394053,-76.04903242921883,372.64025890317225
ref_000219.jpg,50.45334736598625,30.51949038028718,-36.12329040387895,372.64025890317225
ref_000220.jpg,50.45334736598625,30.520053644180308,3.802451621460942,372.64025890317225
ref_000221.jpg,50.45334736598625,30.520616908073436,43.728193646800825,372.64025890317225
ref_000222.jpg,50.45334736598625,30.521180171966563,83.65393567214072,372.64025890317225
ref_000223.jpg,50.45334736598625,30.52174343585969,123.5796776974806,372.64025890317225
ref_000224.jpg,50.45334736598625,30.522306699752818,163.50541972282048,372.64025890317225
ref_000225.jpg,50.45334736598625,30.522869963645945,203.43116174816038,372.64025890317225
ref_000226.jpg,50.45334736598625,30.523433227539073,243.35690377350028,372.64025890317225
ref_000227.jpg,50.45334736598625,30.5239964914322,283.2826457988402,372.64025890317225
ref_000228.jpg,50.45334736598625,30.524559755325328,323.20838782418,372.64025890317225
ref_000229.jpg,50.45334736598625,30.525123019218455,363.1341298495199,372.64025890317225
ref_000230.jpg,50.45334736598625,30.525686283111582,403.0598718748598,372.64025890317225
ref_000231.jpg,50.45334736598625,30.52624954700471,442.9856139001997,372.64025890317225
ref_000232.jpg,50.45334736598625,30.526812810897837,482.91135592553957,372.64025890317225
ref_000233.jpg,50.45334736598625,30.527376074790965,522.8370979508795,372.64025890317225
ref_000234.jpg,50.45334736598625,30.527939338684092,562.7628399762193,372.64025890317225
ref_000235.jpg,50.45334736598625,30.52850260257722,602.6885820015592,372.64025890317225
ref_000236.jpg,50.45334736598625,30.529065866470347,642.6143240268991,372.64025890317225
ref_000237.jpg,50.45334736598625,30.529629130363475,682.540066052239,372.64025890317225
ref_000238.jpg,50.45298873095842,30.51104142189027,-635.0094207839772,332.7145168778324
ref_000239.jpg,50.45298873095842,30.511604685783396,-595.0836787586373,332.7145168778324
ref_000240.jpg,50.45298873095842,30.512167949676524,-555.1579367332974,332.7145168778324
ref_000241.jpg,50.45298873095842,30.51273121356965,-515.2321947079575,332.7145168778324
ref_000242.jpg,50.45298873095842,30.51329447746278,-475.3064526826177,332.7145168778324
ref_000243.jpg,50.45298873095842,30.513857741355906,-435.3807106572778,332.7145168778324
ref_000244.jpg,50.45298873095842,30.514421005249034,-395.4549686319379,332.7145168778324
ref_000245.jpg,50.45298873095842,30.51498426914216,-355.52922660659806,332.7145168778324
ref_000246.jpg,50.45298873095842,30.51554753303529,-315.60348458125816,332.7145168778324
ref_000247.jpg,50.45298873095842,30.516110796928416,-275.67774255591826,332.7145168778324
ref_000248.jpg,50.45298873095842,30.516674060821543,-235.75200053057839,332.7145168778324
ref_000249.jpg,50.45298873095842,30.51723732471467,-195.82625850523848,332.7145168778324
ref_000250.jpg,50.45298873095842,30.5178005886078,-155.9005164798986,332.7145168778324
ref_000251.jpg,50.45298873095842,30.518363852500926,-115.97477445455871,332.7145168778324
ref_000252.jpg,50.45298873095842,30.518927116394053,-76.04903242921883,332.7145168778324
ref_000253.jpg,50.45298873095842,30.51949038028718,-36.12329040387895,332.7145168778324
ref_000254.jpg,50.45298873095842,30.520053644180308,3.802451621460942,332.7145168778324
ref_000255.jpg,50.45298873095842,30.520616908073436,43.728193646800825,332.7145168778324
ref_000256.jpg,50.45298873095842,30.521180171966563,83.65393567214072,332.7145168778324
ref_000257.jpg,50.45298873095842,30.52174343585969,123.5796776974806,332.7145168778324
ref_000258.jpg,50.45298873095842,30.522306699752818,163.50541972282048,332.7145168778324
ref_000259.jpg,50.45298873095842,30.522869963645945,203.43116174816038,332.7145168778324
ref_000260.jpg,50.45298873095842,30.523433227539073,243.35690377350028,332.7145168778324
ref_000261.jpg,50.45298873095842,30.5239964914322,283.2826457988402,332.7145168778324
ref_000262.jpg,50.45298873095842,30.524559755325328,323.20838782418,332.7145168778324
ref_000263.jpg,50.45298873095842,30.525123019218455,363.1341298495199,332.7145168778324
ref_000264.jpg,50.45298873095842,30.525686283111582,403.0598718748598,332.7145168778324
ref_000265.jpg,50.45298873095842,30.52624954700471,442.9856139001997,332.7145168778324
ref_000266.jpg,50.45298873095842,30.526812810897837,482.91135592553957,332.7145168778324
ref_000267.jpg,50.45298873095842,30.527376074790965,522.8370979508795,332.7145168778324
ref_000268.jpg,50.45298873095842,30.527939338684092,562.7628399762193,332.7145168778324
ref_000269.jpg,50.45298873095842,30.52850260257722,602.6885820015592,332.7145168778324
ref_000270.jpg,50.45298873095842,30.529065866470347,642.6143240268991,332.7145168778324
ref_000271.jpg,50.45298873095842,30.529629130363475,682.540066052239,332.7145168778324
ref_000272.jpg,50.452630093211916,30.51104142189027,-635.0094207839772,292.7887748524925
ref_000273.jpg,50.452630093211916,30.511604685783396,-595.0836787586373,292.7887748524925
ref_000274.jpg,50.452630093211916,30.512167949676524,-555.1579367332974,292.7887748524925
ref_000275.jpg,50.452630093211916,30.51273121356965,-515.2321947079575,292.7887748524925
ref_000276.jpg,50.452630093211916,30.51329447746278,-475.3064526826177,292.7887748524925
ref_000277.jpg,50.452630093211916,30.513857741355906,-435.3807106572778,292.7887748524925
ref_000278.jpg,50.452630093211916,30.514421005249034,-395.4549686319379,292.7887748524925
ref_000279.jpg,50.452630093211916,30.51498426914216,-355.52922660659806,292.7887748524925
ref_000280.jpg,50.452630093211916,30.51554753303529,-315.60348458125816,292.7887748524925
ref_000281.jpg,50.452630093211916,30.516110796928416,-275.67774255591826,292.7887748524925
ref_000282.jpg,50.452630093211916,30.516674060821543,-235.75200053057839,292.7887748524925
ref_000283.jpg,50.452630093211916,30.51723732471467,-195.82625850523848,292.7887748524925
ref_000284.jpg,50.452630093211916,30.5178005886078,-155.9005164798986,292.7887748524925
ref_000285.jpg,50.452630093211916,30.518363852500926,-115.97477445455871,292.7887748524925
ref_000286.jpg,50.452630093211916,30.518927116394053,-76.04903242921883,292.7887748524925
ref_000287.jpg,50.452630093211916,30.51949038028718,-36.12329040387895,292.7887748524925
ref_000288.jpg,50.452630093211916,30.520053644180308,3.802451621460942,292.7887748524925
ref_000289.jpg,50.452630093211916,30.520616908073436,43.728193646800825,292.7887748524925
ref_000290.jpg,50.452630093211916,30.521180171966563,83.65393567214072,292.7887748524925
ref_000291.jpg,50.452630093211916,30.52174343585969,123.5796776974806,292.7887748524925
ref_000292.jpg,50.452630093211916,30.522306699752818,163.50541972282048,292.7887748524925
ref_000293.jpg,50.452630093211916,30.522869963645945,203.43116174816038,292.7887748524925
ref_000294.jpg,50.452630093211916,30.523433227539073,243.35690377350028,292.7887748524925
ref_000295.jpg,50.452630093211916,30.5239964914322,283.2826457988402,292.7887748524925
ref_000296.jpg,50.452630093211916,30.524559755325328,323.20838782418,292.7887748524925
ref_000297.jpg,50.452630093211916,30.525123019218455,363.1341298495199,292.7887748524925
ref_000298.jpg,50.452630093211916,30.525686283111582,403.0598718748598,292.7887748524925
ref_000299.jpg,50.452630093211916,30.52624954700471,442.9856139001997,292.7887748524925
ref_000300.jpg,50.452630093211916,30.526812810897837,482.91135592553957,292.7887748524925
ref_000301.jpg,50.452630093211916,30.527376074790965,522.8370979508795,292.7887748524925
ref_000302.jpg,50.452630093211916,30.527939338684092,562.7628399762193,292.7887748524925
ref_000303.jpg,50.452630093211916,30.52850260257722,602.6885820015592,292.7887748524925
ref_000304.jpg,50.452630093211916,30.529065866470347,642.6143240268991,292.7887748524925
ref_000305.jpg,50.452630093211916,30.529629130363475,682.540066052239,292.7887748524925
ref_000306.jpg,50.45227145274675,30.51104142189027,-635.0094207839772,252.8630328271526
ref_000307.jpg,50.45227145274675,30.511604685783396,-595.0836787586373,252.8630328271526
ref_000308.jpg,50.45227145274675,30.512167949676524,-555.1579367332974,252.8630328271526
ref_000309.jpg,50.45227145274675,30.51273121356965,-515.2321947079575,252.8630328271526
ref_000310.jpg,50.45227145274675,30.51329447746278,-475.3064526826177,252.8630328271526
ref_000311.jpg,50.45227145274675,30.513857741355906,-435.3807106572778,252.8630328271526
ref_000312.jpg,50.45227145274675,30.514421005249034,-395.4549686319379,252.8630328271526
ref_000313.jpg,50.45227145274675,30.51498426914216,-355.52922660659806,252.8630328271526
ref_000314.jpg,50.45227145274675,30.51554753303529,-315.60348458125816,252.8630328271526
ref_000315.jpg,50.45227145274675,30.516110796928416,-275.67774255591826,252.8630328271526
ref_000316.jpg,50.45227145274675,30.516674060821543,-235.75200053057839,252.8630328271526
ref_000317.jpg,50.45227145274675,30.51723732471467,-195.82625850523848,252.8630328271526
ref_000318.jpg,50.45227145274675,30.5178005886078,-155.9005164798986,252.8630328271526
ref_000319.jpg,50.45227145274675,30.518363852500926,-115.97477445455871,252.8630328271526
ref_000320.jpg,50.45227145274675,30.518927116394053,-76.04903242921883,252.8630328271526
ref_000321.jpg,50.45227145274675,30.51949038028718,-36.12329040387895,252.8630328271526
ref_000322.jpg,50.45227145274675,30.520053644180308,3.802451621460942,252.8630328271526
ref_000323.jpg,50.45227145274675,30.520616908073436,43.728193646800825,252.8630328271526
ref_000324.jpg,50.45227145274675,30.521180171966563,83.65393567214072,252.8630328271526
ref_000325.jpg,50.45227145274675,30.52174343585969,123.5796776974806,252.8630328271526
ref_000326.jpg,50.45227145274675,30.522306699752818,163.50541972282048,252.8630328271526
ref_000327.jpg,50.45227145274675,30.522869963645945,203.43116174816038,252.8630328271526
ref_000328.jpg,50.45227145274675,30.523433227539073,243.35690377350028,252.8630328271526
ref_000329.jpg,50.45227145274675,30.5239964914322,283.2826457988402,252.8630328271526
ref_000330.jpg,50.45227145274675,30.524559755325328,323.20838782418,252.8630328271526
ref_000331.jpg,50.45227145274675,30.525123019218455,363.1341298495199,252.8630328271526
ref_000332.jpg,50.45227145274675,30.525686283111582,403.0598718748598,252.8630328271526
ref_000333.jpg,50.45227145274675,30.52624954700471,442.9856139001997,252.8630328271526
ref_000334.jpg,50.45227145274675,30.526812810897837,482.91135592553957,252.8630328271526
ref_000335.jpg,50.45227145274675,30.527376074790965,522.8370979508795,252.8630328271526
ref_000336.jpg,50.45227145274675,30.527939338684092,562.7628399762193,252.8630328271526
ref_000337.jpg,50.45227145274675,30.52850260257722,602.6885820015592,252.8630328271526
ref_000338.jpg,50.45227145274675,30.529065866470347,642.6143240268991,252.8630328271526
ref_000339.jpg,50.45227145274675,30.529629130363475,682.540066052239,252.8630328271526
ref_000340.jpg,50.451912809562906,30.51104142189027,-635.0094207839772,212.93729080181274
ref_000341.jpg,50.451912809562906,30.511604685783396,-595.0836787586373,212.93729080181274
ref_000342.jpg,50.451912809562906,30.512167949676524,-555.1579367332974,212.93729080181274
ref_000343.jpg,50.451912809562906,30.51273121356965,-515.2321947079575,212.93729080181274
ref_000344.jpg,50.451912809562906,30.51329447746278,-475.3064526826177,212.93729080181274
ref_000345.jpg,50.451912809562906,30.513857741355906,-435.3807106572778,212.93729080181274
ref_000346.jpg,50.451912809562906,30.514421005249034,-395.4549686319379,212.93729080181274
ref_000347.jpg,50.451912809562906,30.51498426914216,-355.52922660659806,212.93729080181274
ref_000348.jpg,50.451912809562906,30.51554753303529,-315.60348458125816,212.93729080181274
ref_000349.jpg,50.451912809562906,30.516110796928416,-275.67774255591826,212.93729080181274
ref_000350.jpg,50.451912809562906,30.516674060821543,-235.75200053057839,212.93729080181274
ref_000351.jpg,50.451912809562906,30.51723732471467,-195.82625850523848,212.93729080181274
ref_000352.jpg,50.451912809562906,30.5178005886078,-155.9005164798986,212.93729080181274
ref_000353.jpg,50.451912809562906,30.518363852500926,-115.97477445455871,212.93729080181274
ref_000354.jpg,50.451912809562906,30.518927116394053,-76.04903242921883,212.93729080181274
ref_000355.jpg,50.451912809562906,30.51949038028718,-36.12329040387895,212.93729080181274
ref_000356.jpg,50.451912809562906,30.520053644180308,3.802451621460942,212.93729080181274
ref_000357.jpg,50.451912809562906,30.520616908073436,43.728193646800825,212.93729080181274
ref_000358.jpg,50.451912809562906,30.521180171966563,83.65393567214072,212.93729080181274
ref_000359.jpg,50.451912809562906,30.52174343585969,123.5796776974806,212.93729080181274
ref_000360.jpg,50.451912809562906,30.522306699752818,163.50541972282048,212.93729080181274
ref_000361.jpg,50.451912809562906,30.522869963645945,203.43116174816038,212.93729080181274
ref_000362.jpg,50.451912809562906,30.523433227539073,243.35690377350028,212.93729080181274
ref_000363.jpg,50.451912809562906,30.5239964914322,283.2826457988402,212.93729080181274
ref_000364.jpg,50.451912809562906,30.524559755325328,323.20838782418,212.93729080181274
ref_000365.jpg,50.451912809562906,30.525123019218455,363.1341298495199,212.93729080181274
ref_000366.jpg,50.451912809562906,30.525686283111582,403.0598718748598,212.93729080181274
ref_000367.jpg,50.451912809562906,30.52624954700471,442.9856139001997,212.93729080181274
ref_000368.jpg,50.451912809562906,30.526812810897837,482.91135592553957,212.93729080181274
ref_000369.jpg,50.451912809562906,30.527376074790965,522.8370979508795,212.93729080181274
ref_000370.jpg,50.451912809562906,30.527939338684092,562.7628399762193,212.93729080181274
ref_000371.jpg,50.451912809562906,30.52850260257722,602.6885820015592,212.93729080181274
ref_000372.jpg,50.451912809562906,30.529065866470347,642.6143240268991,212.93729080181274
ref_000373.jpg,50.451912809562906,30.529629130363475,682.540066052239,212.93729080181274
ref_000374.jpg,50.45155416366038,30.51104142189027,-635.0094207839772,173.01154877647284
ref_000375.jpg,50.45155416366038,30.511604685783396,-595.0836787586373,173.01154877647284
ref_000376.jpg,50.45155416366038,30.512167949676524,-555.1579367332974,173.01154877647284
ref_000377.jpg,50.45155416366038,30.51273121356965,-515.2321947079575,173.01154877647284
ref_000378.jpg,50.45155416366038,30.51329447746278,-475.3064526826177,173.01154877647284
ref_000379.jpg,50.45155416366038,30.513857741355906,-435.3807106572778,173.01154877647284
ref_000380.jpg,50.45155416366038,30.514421005249034,-395.4549686319379,173.01154877647284
ref_000381.jpg,50.45155416366038,30.51498426914216,-355.52922660659806,173.01154877647284
ref_000382.jpg,50.45155416366038,30.51554753303529,-315.60348458125816,173.01154877647284
ref_000383.jpg,50.45155416366038,30.516110796928416,-275.67774255591826,173.01154877647284
ref_000384.jpg,50.45155416366038,30.516674060821543,-235.75200053057839,173.01154877647284
ref_000385.jpg,50.45155416366038,30.51723732471467,-195.82625850523848,173.01154877647284
ref_000386.jpg,50.45155416366038,30.5178005886078,-155.9005164798986,173.01154877647284
ref_000387.jpg,50.45155416366038,30.518363852500926,-115.97477445455871,173.01154877647284
ref_000388.jpg,50.45155416366038,30.518927116394053,-76.04903242921883,173.01154877647284
ref_000389.jpg,50.45155416366038,30.51949038028718,-36.12329040387895,173.01154877647284
ref_000390.jpg,50.45155416366038,30.520053644180308,3.802451621460942,173.01154877647284
ref_000391.jpg,50.45155416366038,30.520616908073436,43.728193646800825,173.01154877647284
ref_000392.jpg,50.45155416366038,30.521180171966563,83.65393567214072,173.01154877647284
ref_000393.jpg,50.45155416366038,30.52174343585969,123.5796776974806,173.01154877647284
ref_000394.jpg,50.45155416366038,30.522306699752818,163.50541972282048,173.01154877647284
ref_000395.jpg,50.45155416366038,30.522869963645945,203.43116174816038,173.01154877647284
ref_000396.jpg,50.45155416366038,30.523433227539073,243.35690377350028,173.01154877647284
ref_000397.jpg,50.45155416366038,30.5239964914322,283.2826457988402,173.01154877647284
ref_000398.jpg,50.45155416366038,30.524559755325328,323.20838782418,173.01154877647284
ref_000399.jpg,50.45155416366038,30.525123019218455,363.1341298495199,173.01154877647284
ref_000400.jpg,50.45155416366038,30.525686283111582,403.0598718748598,173.01154877647284
ref_000401.jpg,50.45155416366038,30.52624954700471,442.9856139001997,173.01154877647284
ref_000402.jpg,50.45155416366038,30.526812810897837,482.91135592553957,173.01154877647284
ref_000403.jpg,50.45155416366038,30.527376074790965,522.8370979508795,173.01154877647284
ref_000404.jpg,50.45155416366038,30.527939338684092,562.7628399762193,173.01154877647284
ref_000405.jpg,50.45155416366038,30.52850260257722,602.6885820015592,173.01154877647284
ref_000406.jpg,50.45155416366038,30.529065866470347,642.6143240268991,173.01154877647284
ref_000407.jpg,50.45155416366038,30.529629130363475,682.540066052239,173.01154877647284
ref_000408.jpg,50.45119551503915,30.51104142189027,-635.0094207839772,133.08580675113296
ref_000409.jpg,50.45119551503915,30.511604685783396,-595.0836787586373,133.08580675113296
ref_000410.jpg,50.45119551503915,30.512167949676524,-555.1579367332974,133.08580675113296
ref_000411.jpg,50.45119551503915,30.51273121356965,-515.2321947079575,133.08580675113296
ref_000412.jpg,50.45119551503915,30.51329447746278,-475.3064526826177,133.08580675113296
ref_000413.jpg,50.45119551503915,30.513857741355906,-435.3807106572778,133.08580675113296
ref_000414.jpg,50.45119551503915,30.514421005249034,-395.4549686319379,133.08580675113296
ref_000415.jpg,50.45119551503915,30.51498426914216,-355.52922660659806,133.08580675113296
ref_000416.jpg,50.45119551503915,30.51554753303529,-315.60348458125816,133.08580675113296
ref_000417.jpg,50.45119551503915,30.516110796928416,-275.67774255591826,133.08580675113296
ref_000418.jpg,50.45119551503915,30.516674060821543,-235.75200053057839,133.08580675113296
ref_000419.jpg,50.45119551503915,30.51723732471467,-195.82625850523848,133.08580675113296
ref_000420.jpg,50.45119551503915,30.5178005886078,-155.9005164798986,133.08580675113296
ref_000421.jpg,50.45119551503915,30.518363852500926,-115.97477445455871,133.08580675113296
ref_000422.jpg,50.45119551503915,30.518927116394053,-76.04903242921883,133.08580675113296
ref_000423.jpg,50.45119551503915,30.51949038028718,-36.12329040387895,133.08580675113296
ref_000424.jpg,50.45119551503915,30.520053644180308,3.802451621460942,133.08580675113296
ref_000425.jpg,50.45119551503915,30.520616908073436,43.728193646800825,133.08580675113296
ref_000426.jpg,50.45119551503915,30.521180171966563,83.65393567214072,133.08580675113296
ref_000427.jpg,50.45119551503915,30.52174343585969,123.5796776974806,133.08580675113296
ref_000428.jpg,50.45119551503915,30.522306699752818,163.50541972282048,133.08580675113296
ref_000429.jpg,50.45119551503915,30.522869963645945,203.43116174816038,133.08580675113296
ref_000430.jpg,50.45119551503915,30.523433227539073,243.35690377350028,133.08580675113296
ref_000431.jpg,50.45119551503915,30.5239964914322,283.2826457988402,133.08580675113296
ref_000432.jpg,50.45119551503915,30.524559755325328,323.20838782418,133.08580675113296
ref_000433.jpg,50.45119551503915,30.525123019218455,363.1341298495199,133.08580675113296
ref_000434.jpg,50.45119551503915,30.525686283111582,403.0598718748598,133.08580675113296
ref_000435.jpg,50.45119551503915,30.52624954700471,442.9856139001997,133.08580675113296
ref_000436.jpg,50.45119551503915,30.526812810897837,482.91135592553957,133.08580675113296
ref_000437.jpg,50.45119551503915,30.527376074790965,522.8370979508795,133.08580675113296
ref_000438.jpg,50.45119551503915,30.527939338684092,562.7628399762193,133.08580675113296
ref_000439.jpg,50.45119551503915,30.52850260257722,602.6885820015592,133.08580675113296
ref_000440.jpg,50.45119551503915,30.529065866470347,642.6143240268991,133.08580675113296
ref_000441.jpg,50.45119551503915,30.529629130363475,682.540066052239,133.08580675113296
ref_000442.jpg,50.450836863699244,30.51104142189027,-635.0094207839772,93.16006472579306
ref_000443.jpg,50.450836863699244,30.511604685783396,-595.0836787586373,93.16006472579306
ref_000444.jpg,50.450836863699244,30.512167949676524,-555.1579367332974,93.16006472579306
ref_000445.jpg,50.450836863699244,30.51273121356965,-515.2321947079575,93.16006472579306
ref_000446.jpg,50.450836863699244,30.51329447746278,-475.3064526826177,93.16006472579306
ref_000447.jpg,50.450836863699244,30.513857741355906,-435.3807106572778,93.16006472579306
ref_000448.jpg,50.450836863699244,30.514421005249034,-395.4549686319379,93.16006472579306
ref_000449.jpg,50.450836863699244,30.51498426914216,-355.52922660659806,93.16006472579306
ref_000450.jpg,50.450836863699244,30.51554753303529,-315.60348458125816,93.16006472579306
ref_000451.jpg,50.450836863699244,30.516110796928416,-275.67774255591826,93.16006472579306
ref_000452.jpg,50.450836863699244,30.516674060821543,-235.75200053057839,93.16006472579306
ref_000453.jpg,50.450836863699244,30.51723732471467,-195.82625850523848,93.16006472579306
ref_000454.jpg,50.450836863699244,30.5178005886078,-155.9005164798986,93.16006472579306
ref_000455.jpg,50.450836863699244,30.518363852500926,-115.97477445455871,93.16006472579306
ref_000456.jpg,50.450836863699244,30.518927116394053,-76.04903242921883,93.16006472579306
ref_000457.jpg,50.450836863699244,30.51949038028718,-36.12329040387895,93.16006472579306
ref_000458.jpg,50.450836863699244,30.520053644180308,3.802451621460942,93.16006472579306
ref_000459.jpg,50.450836863699244,30.520616908073436,43.728193646800825,93.16006472579306
ref_000460.jpg,50.450836863699244,30.521180171966563,83.65393567214072,93.16006472579306
ref_000461.jpg,50.450836863699244,30.52174343585969,123.5796776974806,93.16006472579306
ref_000462.jpg,50.450836863699244,30.522306699752818,163.50541972282048,93.16006472579306
ref_000463.jpg,50.450836863699244,30.522869963645945,203.43116174816038,93.16006472579306
ref_000464.jpg,50.450836863699244,30.523433227539073,243.35690377350028,93.16006472579306
ref_000465.jpg,50.450836863699244,30.5239964914322,283.2826457988402,93.16006472579306
ref_000466.jpg,50.450836863699244,30.524559755325328,323.20838782418,93.16006472579306
ref_000467.jpg,50.450836863699244,30.525123019218455,363.1341298495199,93.16006472579306
ref_000468.jpg,50.450836863699244,30.525686283111582,403.0598718748598,93.16006472579306
ref_000469.jpg,50.450836863699244,30.52624954700471,442.9856139001997,93.16006472579306
ref_000470.jpg,50.450836863699244,30.526812810897837,482.91135592553957,93.16006472579306
ref_000471.jpg,50.450836863699244,30.527376074790965,522.8370979508795,93.16006472579306
ref_000472.jpg,50.450836863699244,30.527939338684092,562.7628399762193,93.16006472579306
ref_000473.jpg,50.450836863699244,30.52850260257722,602.6885820015592,93.16006472579306
ref_000474.jpg,50.450836863699244,30.529065866470347,642.6143240268991,93.16006472579306
ref_000475.jpg,50.450836863699244,30.529629130363475,682.540066052239,93.16006472579306
ref_000476.jpg,50.45047820964062,30.51104142189027,-635.0094207839772,53.234322700453184
ref_000477.jpg,50.45047820964062,30.511604685783396,-595.0836787586373,53.234322700453184
ref_000478.jpg,50.45047820964062,30.512167949676524,-555.1579367332974,53.234322700453184
ref_000479.jpg,50.45047820964062,30.51273121356965,-515.2321947079575,53.234322700453184
ref_000480.jpg,50.45047820964062,30.51329447746278,-475.3064526826177,53.234322700453184
ref_000481.jpg,50.45047820964062,30.513857741355906,-435.3807106572778,53.234322700453184
ref_000482.jpg,50.45047820964062,30.514421005249034,-395.4549686319379,53.234322700453184
ref_000483.jpg,50.45047820964062,30.51498426914216,-355.52922660659806,53.234322700453184
ref_000484.jpg,50.45047820964062,30.51554753303529,-315.60348458125816,53.234322700453184
ref_000485.jpg,50.45047820964062,30.516110796928416,-275.67774255591826,53.234322700453184
ref_000486.jpg,50.45047820964062,30.516674060821543,-235.75200053057839,53.234322700453184
ref_000487.jpg,50.45047820964062,30.51723732471467,-195.82625850523848,53.234322700453184
ref_000488.jpg,50.45047820964062,30.5178005886078,-155.9005164798986,53.234322700453184
ref_000489.jpg,50.45047820964062,30.518363852500926,-115.97477445455871,53.234322700453184
ref_000490.jpg,50.45047820964062,30.518927116394053,-76.04903242921883,53.234322700453184
ref_000491.jpg,50.45047820964062,30.51949038028718,-36.12329040387895,53.234322700453184
ref_000492.jpg,50.45047820964062,30.520053644180308,3.802451621460942,53.234322700453184
ref_000493.jpg,50.45047820964062,30.520616908073436,43.728193646800825,53.234322700453184
ref_000494.jpg,50.45047820964062,30.521180171966563,83.65393567214072,53.234322700453184
ref_000495.jpg,50.45047820964062,30.52174343585969,123.5796776974806,53.234322700453184
ref_000496.jpg,50.45047820964062,30.522306699752818,163.50541972282048,53.234322700453184
ref_000497.jpg,50.45047820964062,30.522869963645945,203.43116174816038,53.234322700453184
ref_000498.jpg,50.45047820964062,30.523433227539073,243.35690377350028,53.234322700453184
ref_000499.jpg,50.45047820964062,30.5239964914322,283.2826457988402,53.234322700453184
ref_000500.jpg,50.45047820964062,30.524559755325328,323.20838782418,53.234322700453184
ref_000501.jpg,50.45047820964062,30.525123019218455,363.1341298495199,53.234322700453184
ref_000502.jpg,50.45047820964062,30.525686283111582,403.0598718748598,53.234322700453184
ref_000503.jpg,50.45047820964062,30.52624954700471,442.9856139001997,53.234322700453184
ref_000504.jpg,50.45047820964062,30.526812810897837,482.91135592553957,53.234322700453184
ref_000505.jpg,50.45047820964062,30.527376074790965,522.8370979508795,53.234322700453184
ref_000506.jpg,50.45047820964062,30.527939338684092,562.7628399762193,53.234322700453184
ref_000507.jpg,50.45047820964062,30.52850260257722,602.6885820015592,53.234322700453184
ref_000508.jpg,50.45047820964062,30.529065866470347,642.6143240268991,53.234322700453184
ref_000509.jpg,50.45047820964062,30.529629130363475,682.540066052239,53.234322700453184
ref_000510.jpg,50.45011955286328,30.51104142189027,-635.0094207839772,13.308580675113296
ref_000511.jpg,50.45011955286328,30.511604685783396,-595.0836787586373,13.308580675113296
ref_000512.jpg,50.45011955286328,30.512167949676524,-555.1579367332974,13.308580675113296
ref_000513.jpg,50.45011955286328,30.51273121356965,-515.2321947079575,13.308580675113296
ref_000514.jpg,50.45011955286328,30.51329447746278,-475.3064526826177,13.308580675113296
ref_000515.jpg,50.45011955286328,30.513857741355906,-435.3807106572778,13.308580675113296
ref_000516.jpg,50.45011955286328,30.514421005249034,-395.4549686319379,13.308580675113296
ref_000517.jpg,50.45011955286328,30.51498426914216,-355.52922660659806,13.308580675113296
ref_000518.jpg,50.45011955286328,30.51554753303529,-315.60348458125816,13.308580675113296
ref_000519.jpg,50.45011955286328,30.516110796928416,-275.67774255591826,13.308580675113296
ref_000520.jpg,50.45011955286328,30.516674060821543,-235.75200053057839,13.308580675113296
ref_000521.jpg,50.45011955286328,30.51723732471467,-195.82625850523848,13.308580675113296
ref_000522.jpg,50.45011955286328,30.5178005886078,-155.9005164798986,13.308580675113296
ref_000523.jpg,50.45011955286328,30.518363852500926,-115.97477445455871,13.308580675113296
ref_000524.jpg,50.45011955286328,30.518927116394053,-76.04903242921883,13.308580675113296
ref_000525.jpg,50.45011955286328,30.51949038028718,-36.12329040387895,13.308580675113296
ref_000526.jpg,50.45011955286328,30.520053644180308,3.802451621460942,13.308580675113296
ref_000527.jpg,50.45011955286328,30.520616908073436,43.728193646800825,13.308580675113296
ref_000528.jpg,50.45011955286328,30.521180171966563,83.65393567214072,13.308580675113296
ref_000529.jpg,50.45011955286328,30.52174343585969,123.5796776974806,13.308580675113296
ref_000530.jpg,50.45011955286328,30.522306699752818,163.50541972282048,13.308580675113296
ref_000531.jpg,50.45011955286328,30.522869963645945,203.43116174816038,13.308580675113296
ref_000532.jpg,50.45011955286328,30.523433227539073,243.35690377350028,13.308580675113296
ref_000533.jpg,50.45011955286328,30.5239964914322,283.2826457988402,13.308580675113296
ref_000534.jpg,50.45011955286328,30.524559755325328,323.20838782418,13.308580675113296
ref_000535.jpg,50.45011955286328,30.525123019218455,363.1341298495199,13.308580675113296
ref_000536.jpg,50.45011955286328,30.525686283111582,403.0598718748598,13.308580675113296
ref_000537.jpg,50.45011955286328,30.52624954700471,442.9856139001997,13.308580675113296
ref_000538.jpg,50.45011955286328,30.526812810897837,482.91135592553957,13.308580675113296
ref_000539.jpg,50.45011955286328,30.527376074790965,522.8370979508795,13.308580675113296
ref_000540.jpg,50.45011955286328,30.527939338684092,562.7628399762193,13.308580675113296
ref_000541.jpg,50.45011955286328,30.52850260257722,602.6885820015592,13.308580675113296
ref_000542.jpg,50.45011955286328,30.529065866470347,642.6143240268991,13.308580675113296
ref_000543.jpg,50.45011955286328,30.529629130363475,682.540066052239,13.308580675113296
ref_000544.jpg,50.44976089336723,30.51104142189027,-635.0094207839772,-26.617161350226592
ref_000545.jpg,50.44976089336723,30.511604685783396,-595.0836787586373,-26.617161350226592
ref_000546.jpg,50.44976089336723,30.512167949676524,-555.1579367332974,-26.617161350226592
ref_000547.jpg,50.44976089336723,30.51273121356965,-515.2321947079575,-26.617161350226592
ref_000548.jpg,50.44976089336723,30.51329447746278,-475.3064526826177,-26.617161350226592
ref_000549.jpg,50.44976089336723,30.513857741355906,-435.3807106572778,-26.617161350226592
ref_000550.jpg,50.44976089336723,30.514421005249034,-395.4549686319379,-26.617161350226592
ref_000551.jpg,50.44976089336723,30.51498426914216,-355.52922660659806,-26.617161350226592
ref_000552.jpg,50.44976089336723,30.51554753303529,-315.60348458125816,-26.617161350226592
ref_000553.jpg,50.44976089336723,30.516110796928416,-275.67774255591826,-26.617161350226592
ref_000554.jpg,50.44976089336723,30.516674060821543,-235.75200053057839,-26.617161350226592
ref_000555.jpg,50.44976089336723,30.51723732471467,-195.82625850523848,-26.617161350226592
ref_000556.jpg,50.44976089336723,30.5178005886078,-155.9005164798986,-26.617161350226592
ref_000557.jpg,50.44976089336723,30.518363852500926,-115.97477445455871,-26.617161350226592
ref_000558.jpg,50.44976089336723,30.518927116394053,-76.04903242921883,-26.617161350226592
ref_000559.jpg,50.44976089336723,30.51949038028718,-36.12329040387895,-26.617161350226592
ref_000560.jpg,50.44976089336723,30.520053644180308,3.802451621460942,-26.617161350226592
ref_000561.jpg,50.44976089336723,30.520616908073436,43.728193646800825,-26.617161350226592
ref_000562.jpg,50.44976089336723,30.521180171966563,83.65393567214072,-26.617161350226592
ref_000563.jpg,50.44976089336723,30.52174343585969,123.5796776974806,-26.617161350226592
ref_000564.jpg,50.44976089336723,30.522306699752818,163.50541972282048,-26.617161350226592
ref_000565.jpg,50.44976089336723,30.522869963645945,203.43116174816038,-26.617161350226592
ref_000566.jpg,50.44976089336723,30.523433227539073,243.35690377350028,-26.617161350226592
ref_000567.jpg,50.44976089336723,30.5239964914322,283.2826457988402,-26.617161350226592
ref_000568.jpg,50.44976089336723,30.524559755325328,323.20838782418,-26.617161350226592
ref_000569.jpg,50.44976089336723,30.525123019218455,363.1341298495199,-26.617161350226592
ref_000570.jpg,50.44976089336723,30.525686283111582,403.0598718748598,-26.617161350226592
ref_000571.jpg,50.44976089336723,30.52624954700471,442.9856139001997,-26.617161350226592
ref_000572.jpg,50.44976089336723,30.526812810897837,482.91135592553957,-26.617161350226592
ref_000573.jpg,50.44976089336723,30.527376074790965,522.8370979508795,-26.617161350226592
ref_000574.jpg,50.44976089336723,30.527939338684092,562.7628399762193,-26.617161350226592
ref_000575.jpg,50.44976089336723,30.52850260257722,602.6885820015592,-26.617161350226592
ref_000576.jpg,50.44976089336723,30.529065866470347,642.6143240268991,-26.617161350226592
ref_000577.jpg,50.44976089336723,30.529629130363475,682.540066052239,-26.617161350226592
ref_000578.jpg,50.44940223115246,30.51104142189027,-635.0094207839772,-66.54290337556648
ref_000579.jpg,50.44940223115246,30.511604685783396,-595.0836787586373,-66.54290337556648
ref_000580.jpg,50.44940223115246,30.512167949676524,-555.1579367332974,-66.54290337556648
ref_000581.jpg,50.44940223115246,30.51273121356965,-515.2321947079575,-66.54290337556648
ref_000582.jpg,50.44940223115246,30.51329447746278,-475.3064526826177,-66.54290337556648
ref_000583.jpg,50.44940223115246,30.513857741355906,-435.3807106572778,-66.54290337556648
ref_000584.jpg,50.44940223115246,30.514421005249034,-395.4549686319379,-66.54290337556648
ref_000585.jpg,50.44940223115246,30.51498426914216,-355.52922660659806,-66.54290337556648
ref_000586.jpg,50.44940223115246,30.51554753303529,-315.60348458125816,-66.54290337556648
ref_000587.jpg,50.44940223115246,30.516110796928416,-275.67774255591826,-66.54290337556648
ref_000588.jpg,50.44940223115246,30.516674060821543,-235.75200053057839,-66.54290337556648
ref_000589.jpg,50.44940223115246,30.51723732471467,-195.82625850523848,-66.54290337556648
ref_000590.jpg,50.44940223115246,30.5178005886078,-155.9005164798986,-66.54290337556648
ref_000591.jpg,50.44940223115246,30.518363852500926,-115.97477445455871,-66.54290337556648
ref_000592.jpg,50.44940223115246,30.518927116394053,-76.04903242921883,-66.54290337556648
ref_000593.jpg,50.44940223115246,30.51949038028718,-36.12329040387895,-66.54290337556648
ref_000594.jpg,50.44940223115246,30.520053644180308,3.802451621460942,-66.54290337556648
ref_000595.jpg,50.44940223115246,30.520616908073436,43.728193646800825,-66.54290337556648
ref_000596.jpg,50.44940223115246,30.521180171966563,83.65393567214072,-66.54290337556648
ref_000597.jpg,50.44940223115246,30.52174343585969,123.5796776974806,-66.54290337556648
ref_000598.jpg,50.44940223115246,30.522306699752818,163.50541972282048,-66.54290337556648
ref_000599.jpg,50.44940223115246,30.522869963645945,203.43116174816038,-66.54290337556648
ref_000600.jpg,50.44940223115246,30.523433227539073,243.35690377350028,-66.54290337556648
ref_000601.jpg,50.44940223115246,30.5239964914322,283.2826457988402,-66.54290337556648
ref_000602.jpg,50.44940223115246,30.524559755325328,323.20838782418,-66.54290337556648
ref_000603.jpg,50.44940223115246,30.525123019218455,363.1341298495199,-66.54290337556648
ref_000604.jpg,50.44940223115246,30.525686283111582,403.0598718748598,-66.54290337556648
ref_000605.jpg,50.44940223115246,30.52624954700471,442.9856139001997,-66.54290337556648
ref_000606.jpg,50.44940223115246,30.526812810897837,482.91135592553957,-66.54290337556648
ref_000607.jpg,50.44940223115246,30.527376074790965,522.8370979508795,-66.54290337556648
ref_000608.jpg,50.44940223115246,30.527939338684092,562.7628399762193,-66.54290337556648
ref_000609.jpg,50.44940223115246,30.52850260257722,602.6885820015592,-66.54290337556648
ref_000610.jpg,50.44940223115246,30.529065866470347,642.6143240268991,-66.54290337556648
ref_000611.jpg,50.44940223115246,30.529629130363475,682.540066052239,-66.54290337556648
ref_000612.jpg,50.449043566218954,30.51104142189027,-635.0094207839772,-106.46864540090637
ref_000613.jpg,50.449043566218954,30.511604685783396,-595.0836787586373,-106.46864540090637
ref_000614.jpg,50.449043566218954,30.512167949676524,-555.1579367332974,-106.46864540090637
ref_000615.jpg,50.449043566218954,30.51273121356965,-515.2321947079575,-106.46864540090637
ref_000616.jpg,50.449043566218954,30.51329447746278,-475.3064526826177,-106.46864540090637
ref_000617.jpg,50.449043566218954,30.513857741355906,-435.3807106572778,-106.46864540090637
ref_000618.jpg,50.449043566218954,30.514421005249034,-395.4549686319379,-106.46864540090637
ref_000619.jpg,50.449043566218954,30.51498426914216,-355.52922660659806,-106.46864540090637
ref_000620.jpg,50.449043566218954,30.51554753303529,-315.60348458125816,-106.46864540090637
ref_000621.jpg,50.449043566218954,30.516110796928416,-275.67774255591826,-106.46864540090637
ref_000622.jpg,50.449043566218954,30.516674060821543,-235.75200053057839,-106.46864540090637
ref_000623.jpg,50.449043566218954,30.51723732471467,-195.82625850523848,-106.46864540090637
ref_000624.jpg,50.449043566218954,30.5178005886078,-155.9005164798986,-106.46864540090637
ref_000625.jpg,50.449043566218954,30.518363852500926,-115.97477445455871,-106.46864540090637
ref_000626.jpg,50.449043566218954,30.518927116394053,-76.04903242921883,-106.46864540090637
ref_000627.jpg,50.449043566218954,30.51949038028718,-36.12329040387895,-106.46864540090637
ref_000628.jpg,50.449043566218954,30.520053644180308,3.802451621460942,-106.46864540090637
ref_000629.jpg,50.449043566218954,30.520616908073436,43.728193646800825,-106.46864540090637
ref_000630.jpg,50.449043566218954,30.521180171966563,83.65393567214072,-106.46864540090637
ref_000631.jpg,50.449043566218954,30.52174343585969,123.5796776974806,-106.46864540090637
ref_000632.jpg,50.449043566218954,30.522306699752818,163.50541972282048,-106.46864540090637
ref_000633.jpg,50.449043566218954,30.522869963645945,203.43116174816038,-106.46864540090637
ref_000634.jpg,50.449043566218954,30.523433227539073,243.35690377350028,-106.46864540090637
ref_000635.jpg,50.449043566218954,30.5239964914322,283.2826457988402,-106.46864540090637
ref_000636.jpg,50.449043566218954,30.524559755325328,323.20838782418,-106.46864540090637
ref_000637.jpg,50.449043566218954,30.525123019218455,363.1341298495199,-106.46864540090637
ref_000638.jpg,50.449043566218954,30.525686283111582,403.0598718748598,-106.46864540090637
ref_000639.jpg,50.449043566218954,30.52624954700471,442.9856139001997,-106.46864540090637
ref_000640.jpg,50.449043566218954,30.526812810897837,482.91135592553957,-106.46864540090637
ref_000641.jpg,50.449043566218954,30.527376074790965,522.8370979508795,-106.46864540090637
ref_000642.jpg,50.449043566218954,30.527939338684092,562.7628399762193,-106.46864540090637
ref_000643.jpg,50.449043566218954,30.52850260257722,602.6885820015592,-106.46864540090637
ref_000644.jpg,50.449043566218954,30.529065866470347,642.6143240268991,-106.46864540090637
ref_000645.jpg,50.449043566218954,30.529629130363475,682.540066052239,-106.46864540090637
ref_000646.jpg,50.44868489856671,30.51104142189027,-635.0094207839772,-146.39438742624625
ref_000647.jpg,50.44868489856671,30.511604685783396,-595.0836787586373,-146.39438742624625
ref_000648.jpg,50.44868489856671,30.512167949676524,-555.1579367332974,-146.39438742624625
ref_000649.jpg,50.44868489856671,30.51273121356965,-515.2321947079575,-146.39438742624625
ref_000650.jpg,50.44868489856671,30.51329447746278,-475.3064526826177,-146.39438742624625
ref_000651.jpg,50.44868489856671,30.513857741355906,-435.3807106572778,-146.39438742624625
ref_000652.jpg,50.44868489856671,30.514421005249034,-395.4549686319379,-146.39438742624625
ref_000653.jpg,50.44868489856671,30.51498426914216,-355.52922660659806,-146.39438742624625
ref_000654.jpg,50.44868489856671,30.51554753303529,-315.60348458125816,-146.39438742624625
ref_000655.jpg,50.44868489856671,30.516110796928416,-275.67774255591826,-146.39438742624625
ref_000656.jpg,50.44868489856671,30.516674060821543,-235.75200053057839,-146.39438742624625
ref_000657.jpg,50.44868489856671,30.51723732471467,-195.82625850523848,-146.39438742624625
ref_000658.jpg,50.44868489856671,30.5178005886078,-155.9005164798986,-146.39438742624625
ref_000659.jpg,50.44868489856671,30.518363852500926,-115.97477445455871,-146.39438742624625
ref_000660.jpg,50.44868489856671,30.518927116394053,-76.04903242921883,-146.39438742624625
ref_000661.jpg,50.44868489856671,30.51949038028718,-36.12329040387895,-146.39438742624625
ref_000662.jpg,50.44868489856671,30.520053644180308,3.802451621460942,-146.39438742624625
ref_000663.jpg,50.44868489856671,30.520616908073436,43.728193646800825,-146.39438742624625
ref_000664.jpg,50.44868489856671,30.521180171966563,83.65393567214072,-146.39438742624625
ref_000665.jpg,50.44868489856671,30.52174343585969,123.5796776974806,-146.39438742624625
ref_000666.jpg,50.44868489856671,30.522306699752818,163.50541972282048,-146.39438742624625
ref_000667.jpg,50.44868489856671,30.522869963645945,203.43116174816038,-146.39438742624625
ref_000668.jpg,50.44868489856671,30.523433227539073,243.35690377350028,-146.39438742624625
ref_000669.jpg,50.44868489856671,30.5239964914322,283.2826457988402,-146.39438742624625
ref_000670.jpg,50.44868489856671,30.524559755325328,323.20838782418,-146.39438742624625
ref_000671.jpg,50.44868489856671,30.525123019218455,363.1341298495199,-146.39438742624625
ref_000672.jpg,50.44868489856671,30.525686283111582,403.0598718748598,-146.39438742624625
ref_000673.jpg,50.44868489856671,30.52624954700471,442.9856139001997,-146.39438742624625
ref_000674.jpg,50.44868489856671,30.526812810897837,482.91135592553957,-146.39438742624625
ref_000675.jpg,50.44868489856671,30.527376074790965,522.8370979508795,-146.39438742624625
ref_000676.jpg,50.44868489856671,30.527939338684092,562.7628399762193,-146.39438742624625
ref_000677.jpg,50.44868489856671,30.52850260257722,602.6885820015592,-146.39438742624625
ref_000678.jpg,50.44868489856671,30.529065866470347,642.6143240268991,-146.39438742624625
ref_000679.jpg,50.44868489856671,30.529629130363475,682.540066052239,-146.39438742624625
ref_000680.jpg,50.448326228195725,30.51104142189027,-635.0094207839772,-186.32012945158613
ref_000681.jpg,50.448326228195725,30.511604685783396,-595.0836787586373,-186.32012945158613
ref_000682.jpg,50.448326228195725,30.512167949676524,-555.1579367332974,-186.32012945158613
ref_000683.jpg,50.448326228195725,30.51273121356965,-515.2321947079575,-186.32012945158613
ref_000684.jpg,50.448326228195725,30.51329447746278,-475.3064526826177,-186.32012945158613
ref_000685.jpg,50.448326228195725,30.513857741355906,-435.3807106572778,-186.32012945158613
ref_000686.jpg,50.448326228195725,30.514421005249034,-395.4549686319379,-186.32012945158613
ref_000687.jpg,50.448326228195725,30.51498426914216,-355.52922660659806,-186.32012945158613
ref_000688.jpg,50.448326228195725,30.51554753303529,-315.60348458125816,-186.32012945158613
ref_000689.jpg,50.448326228195725,30.516110796928416,-275.67774255591826,-186.32012945158613
ref_000690.jpg,50.448326228195725,30.516674060821543,-235.75200053057839,-186.32012945158613
ref_000691.jpg,50.448326228195725,30.51723732471467,-195.82625850523848,-186.32012945158613
ref_000692.jpg,50.448326228195725,30.5178005886078,-155.9005164798986,-186.32012945158613
ref_000693.jpg,50.448326228195725,30.518363852500926,-115.97477445455871,-186.32012945158613
ref_000694.jpg,50.448326228195725,30.518927116394053,-76.04903242921883,-186.32012945158613
ref_000695.jpg,50.448326228195725,30.51949038028718,-36.12329040387895,-186.32012945158613
ref_000696.jpg,50.448326228195725,30.520053644180308,3.802451621460942,-186.32012945158613
ref_000697.jpg,50.448326228195725,30.520616908073436,43.728193646800825,-186.32012945158613
ref_000698.jpg,50.448326228195725,30.521180171966563,83.65393567214072,-186.32012945158613
ref_000699.jpg,50.448326228195725,30.52174343585969,123.5796776974806,-186.32012945158613
ref_000700.jpg,50.448326228195725,30.522306699752818,163.50541972282048,-186.32012945158613
ref_000701.jpg,50.448326228195725,30.522869963645945,203.43116174816038,-186.32012945158613
ref_000702.jpg,50.448326228195725,30.523433227539073,243.35690377350028,-186.32012945158613
ref_000703.jpg,50.448326228195725,30.5239964914322,283.2826457988402,-186.32012945158613
ref_000704.jpg,50.448326228195725,30.524559755325328,323.20838782418,-186.32012945158613
ref_000705.jpg,50.448326228195725,30.525123019218455,363.1341298495199,-186.32012945158613
ref_000706.jpg,50.448326228195725,30.525686283111582,403.0598718748598,-186.32012945158613
ref_000707.jpg,50.448326228195725,30.52624954700471,442.9856139001997,-186.32012945158613
ref_000708.jpg,50.448326228195725,30.526812810897837,482.91135592553957,-186.32012945158613
ref_000709.jpg,50.448326228195725,30.527376074790965,522.8370979508795,-186.32012945158613
ref_000710.jpg,50.448326228195725,30.527939338684092,562.7628399762193,-186.32012945158613
ref_000711.jpg,50.448326228195725,30.52850260257722,602.6885820015592,-186.32012945158613
ref_000712.jpg,50.448326228195725,30.529065866470347,642.6143240268991,-186.32012945158613
ref_000713.jpg,50.448326228195725,30.529629130363475,682.540066052239,-186.32012945158613
ref_000714.jpg,50.44796755510599,30.51104142189027,-635.0094207839772,-226.24587147692603
ref_000715.jpg,50.44796755510599,30.511604685783396,-595.0836787586373,-226.24587147692603
ref_000716.jpg,50.44796755510599,30.512167949676524,-555.1579367332974,-226.24587147692603
ref_000717.jpg,50.44796755510599,30.51273121356965,-515.2321947079575,-226.24587147692603
ref_000718.jpg,50.44796755510599,30.51329447746278,-475.3064526826177,-226.24587147692603
ref_000719.jpg,50.44796755510599,30.513857741355906,-435.3807106572778,-226.24587147692603
ref_000720.jpg,50.44796755510599,30.514421005249034,-395.4549686319379,-226.24587147692603
ref_000721.jpg,50.44796755510599,30.51498426914216,-355.52922660659806,-226.24587147692603
ref_000722.jpg,50.44796755510599,30.51554753303529,-315.60348458125816,-226.24587147692603
ref_000723.jpg,50.44796755510599,30.516110796928416,-275.67774255591826,-226.24587147692603
ref_000724.jpg,50.44796755510599,30.516674060821543,-235.75200053057839,-226.24587147692603
ref_000725.jpg,50.44796755510599,30.51723732471467,-195.82625850523848,-226.24587147692603
ref_000726.jpg,50.44796755510599,30.5178005886078,-155.9005164798986,-226.24587147692603
ref_000727.jpg,50.44796755510599,30.518363852500926,-115.97477445455871,-226.24587147692603
ref_000728.jpg,50.44796755510599,30.518927116394053,-76.04903242921883,-226.24587147692603
ref_000729.jpg,50.44796755510599,30.51949038028718,-36.12329040387895,-226.24587147692603
ref_000730.jpg,50.44796755510599,30.520053644180308,3.802451621460942,-226.24587147692603
ref_000731.jpg,50.44796755510599,30.520616908073436,43.728193646800825,-226.24587147692603
ref_000732.jpg,50.44796755510599,30.521180171966563,83.65393567214072,-226.24587147692603
ref_000733.jpg,50.44796755510599,30.52174343585969,123.5796776974806,-226.24587147692603
ref_000734.jpg,50.44796755510599,30.522306699752818,163.50541972282048,-226.24587147692603
ref_000735.jpg,50.44796755510599,30.522869963645945,203.43116174816038,-226.24587147692603
ref_000736.jpg,50.44796755510599,30.523433227539073,243.35690377350028,-226.24587147692603
ref_000737.jpg,50.44796755510599,30.5239964914322,283.2826457988402,-226.24587147692603
ref_000738.jpg,50.44796755510599,30.524559755325328,323.20838782418,-226.24587147692603
ref_000739.jpg,50.44796755510599,30.525123019218455,363.1341298495199,-226.24587147692603
ref_000740.jpg,50.44796755510599,30.525686283111582,403.0598718748598,-226.24587147692603
ref_000741.jpg,50.44796755510599,30.52624954700471,442.9856139001997,-226.24587147692603
ref_000742.jpg,50.44796755510599,30.526812810897837,482.91135592553957,-226.24587147692603
ref_000743.jpg,50.44796755510599,30.527376074790965,522.8370979508795,-226.24587147692603
ref_000744.jpg,50.44796755510599,30.527939338684092,562.7628399762193,-226.24587147692603
ref_000745.jpg,50.44796755510599,30.52850260257722,602.6885820015592,-226.24587147692603
ref_000746.jpg,50.44796755510599,30.529065866470347,642.6143240268991,-226.24587147692603
ref_000747.jpg,50.44796755510599,30.529629130363475,682.540066052239,-226.24587147692603
ref_000748.jpg,50.4476088792975,30.51104142189027,-635.0094207839772,-266.1716135022659
ref_000749.jpg,50.4476088792975,30.511604685783396,-595.0836787586373,-266.1716135022659
ref_000750.jpg,50.4476088792975,30.512167949676524,-555.1579367332974,-266.1716135022659
ref_000751.jpg,50.4476088792975,30.51273121356965,-515.2321947079575,-266.1716135022659
ref_000752.jpg,50.4476088792975,30.51329447746278,-475.3064526826177,-266.1716135022659
ref_000753.jpg,50.4476088792975,30.513857741355906,-435.3807106572778,-266.1716135022659
ref_000754.jpg,50.4476088792975,30.514421005249034,-395.4549686319379,-266.1716135022659
ref_000755.jpg,50.4476088792975,30.51498426914216,-355.52922660659806,-266.1716135022659
ref_000756.jpg,50.4476088792975,30.51554753303529,-315.60348458125816,-266.1716135022659
ref_000757.jpg,50.4476088792975,30.516110796928416,-275.67774255591826,-266.1716135022659
ref_000758.jpg,50.4476088792975,30.516674060821543,-235.75200053057839,-266.1716135022659
ref_000759.jpg,50.4476088792975,30.51723732471467,-195.82625850523848,-266.1716135022659
ref_000760.jpg,50.4476088792975,30.5178005886078,-155.9005164798986,-266.1716135022659
ref_000761.jpg,50.4476088792975,30.518363852500926,-115.97477445455871,-266.1716135022659
ref_000762.jpg,50.4476088792975,30.518927116394053,-76.04903242921883,-266.1716135022659
ref_000763.jpg,50.4476088792975,30.51949038028718,-36.12329040387895,-266.1716135022659
ref_000764.jpg,50.4476088792975,30.520053644180308,3.802451621460942,-266.1716135022659
ref_000765.jpg,50.4476088792975,30.520616908073436,43.728193646800825,-266.1716135022659
ref_000766.jpg,50.4476088792975,30.521180171966563,83.65393567214072,-266.1716135022659
ref_000767.jpg,50.4476088792975,30.52174343585969,123.5796776974806,-266.1716135022659
ref_000768.jpg,50.4476088792975,30.522306699752818,163.50541972282048,-266.1716135022659
ref_000769.jpg,50.4476088792975,30.522869963645945,203.43116174816038,-266.1716135022659
ref_000770.jpg,50.4476088792975,30.523433227539073,243.35690377350028,-266.1716135022659
ref_000771.jpg,50.4476088792975,30.5239964914322,283.2826457988402,-266.1716135022659
ref_000772.jpg,50.4476088792975,30.524559755325328,323.20838782418,-266.1716135022659
ref_000773.jpg,50.4476088792975,30.525123019218455,363.1341298495199,-266.1716135022659
ref_000774.jpg,50.4476088792975,30.525686283111582,403.0598718748598,-266.1716135022659
ref_000775.jpg,50.4476088792975,30.52624954700471,442.9856139001997,-266.1716135022659
ref_000776.jpg,50.4476088792975,30.526812810897837,482.91135592553957,-266.1716135022659
ref_000777.jpg,50.4476088792975,30.527376074790965,522.8370979508795,-266.1716135022659
ref_000778.jpg,50.4476088792975,30.527939338684092,562.7628399762193,-266.1716135022659
ref_000779.jpg,50.4476088792975,30.52850260257722,602.6885820015592,-266.1716135022659
ref_000780.jpg,50.4476088792975,30.529065866470347,642.6143240268991,-266.1716135022659
ref_000781.jpg,50.4476088792975,30.529629130363475,682.540066052239,-266.1716135022659
ref_000782.jpg,50.44725020077024,30.51104142189027,-635.0094207839772,-306.0973555276058
ref_000783.jpg,50.44725020077024,30.511604685783396,-595.0836787586373,-306.0973555276058
ref_000784.jpg,50.44725020077024,30.512167949676524,-555.1579367332974,-306.0973555276058
ref_000785.jpg,50.44725020077024,30.51273121356965,-515.2321947079575,-306.0973555276058
ref_000786.jpg,50.44725020077024,30.51329447746278,-475.3064526826177,-306.0973555276058
ref_000787.jpg,50.44725020077024,30.513857741355906,-435.3807106572778,-306.0973555276058
ref_000788.jpg,50.44725020077024,30.514421005249034,-395.4549686319379,-306.0973555276058
ref_000789.jpg,50.44725020077024,30.51498426914216,-355.52922660659806,-306.0973555276058
ref_000790.jpg,50.44725020077024,30.51554753303529,-315.60348458125816,-306.0973555276058
ref_000791.jpg,50.44725020077024,30.516110796928416,-275.67774255591826,-306.0973555276058
ref_000792.jpg,50.44725020077024,30.516674060821543,-235.75200053057839,-306.0973555276058
ref_000793.jpg,50.44725020077024,30.51723732471467,-195.82625850523848,-306.0973555276058
ref_000794.jpg,50.44725020077024,30.5178005886078,-155.9005164798986,-306.0973555276058
ref_000795.jpg,50.44725020077024,30.518363852500926,-115.97477445455871,-306.0973555276058
ref_000796.jpg,50.44725020077024,30.518927116394053,-76.04903242921883,-306.0973555276058
ref_000797.jpg,50.44725020077024,30.51949038028718,-36.12329040387895,-306.0973555276058
ref_000798.jpg,50.44725020077024,30.520053644180308,3.802451621460942,-306.0973555276058
ref_000799.jpg,50.44725020077024,30.520616908073436,43.728193646800825,-306.0973555276058
ref_000800.jpg,50.44725020077024,30.521180171966563,83.65393567214072,-306.0973555276058
ref_000801.jpg,50.44725020077024,30.52174343585969,123.5796776974806,-306.0973555276058
ref_000802.jpg,50.44725020077024,30.522306699752818,163.50541972282048,-306.0973555276058
ref_000803.jpg,50.44725020077024,30.522869963645945,203.43116174816038,-306.0973555276058
ref_000804.jpg,50.44725020077024,30.523433227539073,243.35690377350028,-306.0973555276058
ref_000805.jpg,50.44725020077024,30.5239964914322,283.2826457988402,-306.0973555276058
ref_000806.jpg,50.44725020077024,30.524559755325328,323.20838782418,-306.0973555276058
ref_000807.jpg,50.44725020077024,30.525123019218455,363.1341298495199,-306.0973555276058
ref_000808.jpg,50.44725020077024,30.525686283111582,403.0598718748598,-306.0973555276058
ref_000809.jpg,50.44725020077024,30.52624954700471,442.9856139001997,-306.0973555276058
ref_000810.jpg,50.44725020077024,30.526812810897837,482.91135592553957,-306.0973555276058
ref_000811.jpg,50.44725020077024,30.527376074790965,522.8370979508795,-306.0973555276058
ref_000812.jpg,50.44725020077024,30.527939338684092,562.7628399762193,-306.0973555276058
ref_000813.jpg,50.44725020077024,30.52850260257722,602.6885820015592,-306.0973555276058
ref_000814.jpg,50.44725020077024,30.529065866470347,642.6143240268991,-306.0973555276058
ref_000815.jpg,50.44725020077024,30.529629130363475,682.540066052239,-306.0973555276058
ref_000816.jpg,50.446891519524215,30.51104142189027,-635.0094207839772,-346.02309755294567
ref_000817.jpg,50.446891519524215,30.511604685783396,-595.0836787586373,-346.02309755294567
ref_000818.jpg,50.446891519524215,30.512167949676524,-555.1579367332974,-346.02309755294567
ref_000819.jpg,50.446891519524215,30.51273121356965,-515.2321947079575,-346.02309755294567
ref_000820.jpg,50.446891519524215,30.51329447746278,-475.3064526826177,-346.02309755294567
ref_000821.jpg,50.446891519524215,30.513857741355906,-435.3807106572778,-346.02309755294567
ref_000822.jpg,50.446891519524215,30.514421005249034,-395.4549686319379,-346.02309755294567
ref_000823.jpg,50.446891519524215,30.51498426914216,-355.52922660659806,-346.02309755294567
ref_000824.jpg,50.446891519524215,30.51554753303529,-315.60348458125816,-346.02309755294567
ref_000825.jpg,50.446891519524215,30.516110796928416,-275.67774255591826,-346.02309755294567
ref_000826.jpg,50.446891519524215,30.516674060821543,-235.75200053057839,-346.02309755294567
ref_000827.jpg,50.446891519524215,30.51723732471467,-195.82625850523848,-346.02309755294567
ref_000828.jpg,50.446891519524215,30.5178005886078,-155.9005164798986,-346.02309755294567
ref_000829.jpg,50.446891519524215,30.518363852500926,-115.97477445455871,-346.02309755294567
ref_000830.jpg,50.446891519524215,30.518927116394053,-76.04903242921883,-346.02309755294567
ref_000831.jpg,50.446891519524215,30.51949038028718,-36.12329040387895,-346.02309755294567
ref_000832.jpg,50.446891519524215,30.520053644180308,3.802451621460942,-346.02309755294567
ref_000833.jpg,50.446891519524215,30.520616908073436,43.728193646800825,-346.02309755294567
ref_000834.jpg,50.446891519524215,30.521180171966563,83.65393567214072,-346.02309755294567
ref_000835.jpg,50.446891519524215,30.52174343585969,123.5796776974806,-346.02309755294567
ref_000836.jpg,50.446891519524215,30.522306699752818,163.50541972282048,-346.02309755294567
ref_000837.jpg,50.446891519524215,30.522869963645945,203.43116174816038,-346.02309755294567
ref_000838.jpg,50.446891519524215,30.523433227539073,243.35690377350028,-346.02309755294567
ref_000839.jpg,50.446891519524215,30.5239964914322,283.2826457988402,-346.02309755294567
ref_000840.jpg,50.446891519524215,30.524559755325328,323.20838782418,-346.02309755294567
ref_000841.jpg,50.446891519524215,30.525123019218455,363.1341298495199,-346.02309755294567
ref_000842.jpg,50.446891519524215,30.525686283111582,403.0598718748598,-346.02309755294567
ref_000843.jpg,50.446891519524215,30.52624954700471,442.9856139001997,-346.02309755294567
ref_000844.jpg,50.446891519524215,30.526812810897837,482.91135592553957,-346.02309755294567
ref_000845.jpg,50.446891519524215,30.527376074790965,522.8370979508795,-346.02309755294567
ref_000846.jpg,50.446891519524215,30.527939338684092,562.7628399762193,-346.02309755294567
ref_000847.jpg,50.446891519524215,30.52850260257722,602.6885820015592,-346.02309755294567
ref_000848.jpg,50.446891519524215,30.529065866470347,642.6143240268991,-346.02309755294567
ref_000849.jpg,50.446891519524215,30.529629130363475,682.540066052239,-346.02309755294567
ref_000850.jpg,50.44653283555941,30.51104142189027,-635.0094207839772,-385.9488395782856
ref_000851.jpg,50.44653283555941,30.511604685783396,-595.0836787586373,-385.9488395782856
ref_000852.jpg,50.44653283555941,30.512167949676524,-555.1579367332974,-385.9488395782856
ref_000853.jpg,50.44653283555941,30.51273121356965,-515.2321947079575,-385.9488395782856
ref_000854.jpg,50.44653283555941,30.51329447746278,-475.3064526826177,-385.9488395782856
ref_000855.jpg,50.44653283555941,30.513857741355906,-435.3807106572778,-385.9488395782856
ref_000856.jpg,50.44653283555941,30.514421005249034,-395.4549686319379,-385.9488395782856
ref_000857.jpg,50.44653283555941,30.51498426914216,-355.52922660659806,-385.9488395782856
ref_000858.jpg,50.44653283555941,30.51554753303529,-315.60348458125816,-385.9488395782856
ref_000859.jpg,50.44653283555941,30.516110796928416,-275.67774255591826,-385.9488395782856
ref_000860.jpg,50.44653283555941,30.516674060821543,-235.75200053057839,-385.9488395782856
ref_000861.jpg,50.44653283555941,30.51723732471467,-195.82625850523848,-385.9488395782856
ref_000862.jpg,50.44653283555941,30.5178005886078,-155.9005164798986,-385.9488395782856
ref_000863.jpg,50.44653283555941,30.518363852500926,-115.97477445455871,-385.9488395782856
ref_000864.jpg,50.44653283555941,30.518927116394053,-76.04903242921883,-385.9488395782856
ref_000865.jpg,50.44653283555941,30.51949038028718,-36.12329040387895,-385.9488395782856
ref_000866.jpg,50.44653283555941,30.520053644180308,3.802451621460942,-385.9488395782856
ref_000867.jpg,50.44653283555941,30.520616908073436,43.728193646800825,-385.9488395782856
ref_000868.jpg,50.44653283555941,30.521180171966563,83.65393567214072,-385.9488395782856
ref_000869.jpg,50.44653283555941,30.52174343585969,123.5796776974806,-385.9488395782856
ref_000870.jpg,50.44653283555941,30.522306699752818,163.50541972282048,-385.9488395782856
ref_000871.jpg,50.44653283555941,30.522869963645945,203.43116174816038,-385.9488395782856
ref_000872.jpg,50.44653283555941,30.523433227539073,243.35690377350028,-385.9488395782856
ref_000873.jpg,50.44653283555941,30.5239964914322,283.2826457988402,-385.9488395782856
ref_000874.jpg,50.44653283555941,30.524559755325328,323.20838782418,-385.9488395782856
ref_000875.jpg,50.44653283555941,30.525123019218455,363.1341298495199,-385.9488395782856
ref_000876.jpg,50.44653283555941,30.525686283111582,403.0598718748598,-385.9488395782856
ref_000877.jpg,50.44653283555941,30.52624954700471,442.9856139001997,-385.9488395782856
ref_000878.jpg,50.44653283555941,30.526812810897837,482.91135592553957,-385.9488395782856
ref_000879.jpg,50.44653283555941,30.527376074790965,522.8370979508795,-385.9488395782856
ref_000880.jpg,50.44653283555941,30.527939338684092,562.7628399762193,-385.9488395782856
ref_000881.jpg,50.44653283555941,30.52850260257722,602.6885820015592,-385.9488395782856
ref_000882.jpg,50.44653283555941,30.529065866470347,642.6143240268991,-385.9488395782856
ref_000883.jpg,50.44653283555941,30.529629130363475,682.540066052239,-385.9488395782856
ref_000884.jpg,50.446174148875826,30.51104142189027,-635.0094207839772,-425.8745816036255
ref_000885.jpg,50.446174148875826,30.511604685783396,-595.0836787586373,-425.8745816036255
ref_000886.jpg,50.446174148875826,30.512167949676524,-555.1579367332974,-425.8745816036255
ref_000887.jpg,50.446174148875826,30.51273121356965,-515.2321947079575,-425.8745816036255
ref_000888.jpg,50.446174148875826,30.51329447746278,-475.3064526826177,-425.8745816036255
ref_000889.jpg,50.446174148875826,30.513857741355906,-435.3807106572778,-425.8745816036255
ref_000890.jpg,50.446174148875826,30.514421005249034,-395.4549686319379,-425.8745816036255
ref_000891.jpg,50.446174148875826,30.51498426914216,-355.52922660659806,-425.8745816036255
ref_000892.jpg,50.446174148875826,30.51554753303529,-315.60348458125816,-425.8745816036255
ref_000893.jpg,50.446174148875826,30.516110796928416,-275.67774255591826,-425.8745816036255
ref_000894.jpg,50.446174148875826,30.516674060821543,-235.75200053057839,-425.8745816036255
ref_000895.jpg,50.446174148875826,30.51723732471467,-195.82625850523848,-425.8745816036255
ref_000896.jpg,50.446174148875826,30.5178005886078,-155.9005164798986,-425.8745816036255
ref_000897.jpg,50.446174148875826,30.518363852500926,-115.97477445455871,-425.8745816036255
ref_000898.jpg,50.446174148875826,30.518927116394053,-76.04903242921883,-425.8745816036255
ref_000899.jpg,50.446174148875826,30.51949038028718,-36.12329040387895,-425.8745816036255
ref_000900.jpg,50.446174148875826,30.520053644180308,3.802451621460942,-425.8745816036255
ref_000901.jpg,50.446174148875826,30.520616908073436,43.728193646800825,-425.8745816036255
ref_000902.jpg,50.446174148875826,30.521180171966563,83.65393567214072,-425.8745816036255
ref_000903.jpg,50.446174148875826,30.52174343585969,123.5796776974806,-425.8745816036255
ref_000904.jpg,50.446174148875826,30.522306699752818,163.50541972282048,-425.8745816036255
ref_000905.jpg,50.446174148875826,30.522869963645945,203.43116174816038,-425.8745816036255
ref_000906.jpg,50.446174148875826,30.523433227539073,243.35690377350028,-425.8745816036255
ref_000907.jpg,50.446174148875826,30.5239964914322,283.2826457988402,-425.8745816036255
ref_000908.jpg,50.446174148875826,30.524559755325328,323.20838782418,-425.8745816036255
ref_000909.jpg,50.446174148875826,30.525123019218455,363.1341298495199,-425.8745816036255
ref_000910.jpg,50.446174148875826,30.525686283111582,403.0598718748598,-425.8745816036255
ref_000911.jpg,50.446174148875826,30.52624954700471,442.9856139001997,-425.8745816036255
ref_000912.jpg,50.446174148875826,30.526812810897837,482.91135592553957,-425.8745816036255
ref_000913.jpg,50.446174148875826,30.527376074790965,522.8370979508795,-425.8745816036255
ref_000914.jpg,50.446174148875826,30.527939338684092,562.7628399762193,-425.8745816036255
ref_000915.jpg,50.446174148875826,30.52850260257722,602.6885820015592,-425.8745816036255
ref_000916.jpg,50.446174148875826,30.529065866470347,642.6143240268991,-425.8745816036255
ref_000917.jpg,50.446174148875826,30.529629130363475,682.540066052239,-425.8745816036255
ref_000918.jpg,50.445815459473444,30.51104142189027,-635.0094207839772,-465.8003236289654
ref_000919.jpg,50.445815459473444,30.511604685783396,-595.0836787586373,-465.8003236289654
ref_000920.jpg,50.445815459473444,30.512167949676524,-555.1579367332974,-465.8003236289654
ref_000921.jpg,50.445815459473444,30.51273121356965,-515.2321947079575,-465.8003236289654
ref_000922.jpg,50.445815459473444,30.51329447746278,-475.3064526826177,-465.8003236289654
ref_000923.jpg,50.445815459473444,30.513857741355906,-435.3807106572778,-465.8003236289654
ref_000924.jpg,50.445815459473444,30.514421005249034,-395.4549686319379,-465.8003236289654
ref_000925.jpg,50.445815459473444,30.51498426914216,-355.52922660659806,-465.8003236289654
ref_000926.jpg,50.445815459473444,30.51554753303529,-315.60348458125816,-465.8003236289654
ref_000927.jpg,50.445815459473444,30.516110796928416,-275.67774255591826,-465.8003236289654
ref_000928.jpg,50.445815459473444,30.516674060821543,-235.75200053057839,-465.8003236289654
ref_000929.jpg,50.445815459473444,30.51723732471467,-195.82625850523848,-465.8003236289654
ref_000930.jpg,50.445815459473444,30.5178005886078,-155.9005164798986,-465.8003236289654
ref_000931.jpg,50.445815459473444,30.518363852500926,-115.97477445455871,-465.8003236289654
ref_000932.jpg,50.445815459473444,30.518927116394053,-76.04903242921883,-465.8003236289654
ref_000933.jpg,50.445815459473444,30.51949038028718,-36.12329040387895,-465.8003236289654
ref_000934.jpg,50.445815459473444,30.520053644180308,3.802451621460942,-465.8003236289654
ref_000935.jpg,50.445815459473444,30.520616908073436,43.728193646800825,-465.8003236289654
ref_000936.jpg,50.445815459473444,30.521180171966563,83.65393567214072,-465.8003236289654
ref_000937.jpg,50.445815459473444,30.52174343585969,123.5796776974806,-465.8003236289654
ref_000938.jpg,50.445815459473444,30.522306699752818,163.50541972282048,-465.8003236289654
ref_000939.jpg,50.445815459473444,30.522869963645945,203.43116174816038,-465.8003236289654
ref_000940.jpg,50.445815459473444,30.523433227539073,243.35690377350028,-465.8003236289654
ref_000941.jpg,50.445815459473444,30.5239964914322,283.2826457988402,-465.8003236289654
ref_000942.jpg,50.445815459473444,30.524559755325328,323.20838782418,-465.8003236289654
ref_000943.jpg,50.445815459473444,30.525123019218455,363.1341298495199,-465.8003236289654
ref_000944.jpg,50.445815459473444,30.525686283111582,403.0598718748598,-465.8003236289654
ref_000945.jpg,50.445815459473444,30.52624954700471,442.9856139001997,-465.8003236289654
ref_000946.jpg,50.445815459473444,30.526812810897837,482.91135592553957,-465.8003236289654
ref_000947.jpg,50.445815459473444,30.527376074790965,522.8370979508795,-465.8003236289654
ref_000948.jpg,50.445815459473444,30.527939338684092,562.7628399762193,-465.8003236289654
ref_000949.jpg,50.445815459473444,30.52850260257722,602.6885820015592,-465.8003236289654
ref_000950.jpg,50.445815459473444,30.529065866470347,642.6143240268991,-465.8003236289654
ref_000951.jpg,50.445815459473444,30.529629130363475,682.540066052239,-465.8003236289654
ref_000952.jpg,50.445456767352276,30.51104142189027,-635.0094207839772,-505.7260656543052
ref_000953.jpg,50.445456767352276,30.511604685783396,-595.0836787586373,-505.7260656543052
ref_000954.jpg,50.445456767352276,30.512167949676524,-555.1579367332974,-505.7260656543052
ref_000955.jpg,50.445456767352276,30.51273121356965,-515.2321947079575,-505.7260656543052
ref_000956.jpg,50.445456767352276,30.51329447746278,-475.3064526826177,-505.7260656543052
ref_000957.jpg,50.445456767352276,30.513857741355906,-435.3807106572778,-505.7260656543052
ref_000958.jpg,50.445456767352276,30.514421005249034,-395.4549686319379,-505.7260656543052
ref_000959.jpg,50.445456767352276,30.51498426914216,-355.52922660659806,-505.7260656543052
ref_000960.jpg,50.445456767352276,30.51554753303529,-315.60348458125816,-505.7260656543052
ref_000961.jpg,50.445456767352276,30.516110796928416,-275.67774255591826,-505.7260656543052
ref_000962.jpg,50.445456767352276,30.516674060821543,-235.75200053057839,-505.7260656543052
ref_000963.jpg,50.445456767352276,30.51723732471467,-195.82625850523848,-505.7260656543052
ref_000964.jpg,50.445456767352276,30.5178005886078,-155.9005164798986,-505.7260656543052
ref_000965.jpg,50.445456767352276,30.518363852500926,-115.97477445455871,-505.7260656543052
ref_000966.jpg,50.445456767352276,30.518927116394053,-76.04903242921883,-505.7260656543052
ref_000967.jpg,50.445456767352276,30.51949038028718,-36.12329040387895,-505.7260656543052
ref_000968.jpg,50.445456767352276,30.520053644180308,3.802451621460942,-505.7260656543052
ref_000969.jpg,50.445456767352276,30.520616908073436,43.728193646800825,-505.7260656543052
ref_000970.jpg,50.445456767352276,30.521180171966563,83.65393567214072,-505.7260656543052
ref_000971.jpg,50.445456767352276,30.52174343585969,123.5796776974806,-505.7260656543052
ref_000972.jpg,50.445456767352276,30.522306699752818,163.50541972282048,-505.7260656543052
ref_000973.jpg,50.445456767352276,30.522869963645945,203.43116174816038,-505.7260656543052
ref_000974.jpg,50.445456767352276,30.523433227539073,243.35690377350028,-505.7260656543052
ref_000975.jpg,50.445456767352276,30.5239964914322,283.2826457988402,-505.7260656543052
ref_000976.jpg,50.445456767352276,30.524559755325328,323.20838782418,-505.7260656543052
ref_000977.jpg,50.445456767352276,30.525123019218455,363.1341298495199,-505.7260656543052
ref_000978.jpg,50.445456767352276,30.525686283111582,403.0598718748598,-505.7260656543052
ref_000979.jpg,50.445456767352276,30.52624954700471,442.9856139001997,-505.7260656543052
ref_000980.jpg,50.445456767352276,30.526812810897837,482.91135592553957,-505.7260656543052
ref_000981.jpg,50.445456767352276,30.527376074790965,522.8370979508795,-505.7260656543052
ref_000982.jpg,50.445456767352276,30.527939338684092,562.7628399762193,-505.7260656543052
ref_000983.jpg,50.445456767352276,30.52850260257722,602.6885820015592,-505.7260656543052
ref_000984.jpg,50.445456767352276,30.529065866470347,642.6143240268991,-505.7260656543052
ref_000985.jpg,50.445456767352276,30.529629130363475,682.540066052239,-505.7260656543052
ref_000986.jpg,50.44509807251231,30.51104142189027,-635.0094207839772,-545.6518076796451
ref_000987.jpg,50.44509807251231,30.511604685783396,-595.0836787586373,-545.6518076796451
ref_000988.jpg,50.44509807251231,30.512167949676524,-555.1579367332974,-545.6518076796451
ref_000989.jpg,50.44509807251231,30.51273121356965,-515.2321947079575,-545.6518076796451
ref_000990.jpg,50.44509807251231,30.51329447746278,-475.3064526826177,-545.6518076796451
ref_000991.jpg,50.44509807251231,30.513857741355906,-435.3807106572778,-545.6518076796451
ref_000992.jpg,50.44509807251231,30.514421005249034,-395.4549686319379,-545.6518076796451
ref_000993.jpg,50.44509807251231,30.51498426914216,-355.52922660659806,-545.6518076796451
ref_000994.jpg,50.44509807251231,30.51554753303529,-315.60348458125816,-545.6518076796451
ref_000995.jpg,50.44509807251231,30.516110796928416,-275.67774255591826,-545.6518076796451
ref_000996.jpg,50.44509807251231,30.516674060821543,-235.75200053057839,-545.6518076796451
ref_000997.jpg,50.44509807251231,30.51723732471467,-195.82625850523848,-545.6518076796451
ref_000998.jpg,50.44509807251231,30.5178005886078,-155.9005164798986,-545.6518076796451
ref_000999.jpg,50.44509807251231,30.518363852500926,-115.97477445455871,-545.6518076796451
ref_001000.jpg,50.44509807251231,30.518927116394053,-76.04903242921883,-545.6518076796451
ref_001001.jpg,50.44509807251231,30.51949038028718,-36.12329040387895,-545.6518076796451
ref_001002.jpg,50.44509807251231,30.520053644180308,3.802451621460942,-545.6518076796451
ref_001003.jpg,50.44509807251231,30.520616908073436,43.728193646800825,-545.6518076796451
ref_001004.jpg,50.44509807251231,30.521180171966563,83.65393567214072,-545.6518076796451
ref_001005.jpg,50.44509807251231,30.52174343585969,123.5796776974806,-545.6518076796451
ref_001006.jpg,50.44509807251231,30.522306699752818,163.50541972282048,-545.6518076796451
ref_001007.jpg,50.44509807251231,30.522869963645945,203.43116174816038,-545.6518076796451
ref_001008.jpg,50.44509807251231,30.523433227539073,243.35690377350028,-545.6518076796451
ref_001009.jpg,50.44509807251231,30.5239964914322,283.2826457988402,-545.6518076796451
ref_001010.jpg,50.44509807251231,30.524559755325328,323.20838782418,-545.6518076796451
ref_001011.jpg,50.44509807251231,30.525123019218455,363.1341298495199,-545.6518076796451
ref_001012.jpg,50.44509807251231,30.525686283111582,403.0598718748598,-545.6518076796451
ref_001013.jpg,50.44509807251231,30.52624954700471,442.9856139001997,-545.6518076796451
ref_001014.jpg,50.44509807251231,30.526812810897837,482.91135592553957,-545.6518076796451
ref_001015.jpg,50.44509807251231,30.527376074790965,522.8370979508795,-545.6518076796451
ref_001016.jpg,50.44509807251231,30.527939338684092,562.7628399762193,-545.6518076796451
ref_001017.jpg,50.44509807251231,30.52850260257722,602.6885820015592,-545.6518076796451
ref_001018.jpg,50.44509807251231,30.529065866470347,642.6143240268991,-545.6518076796451
ref_001019.jpg,50.44509807251231,30.529629130363475,682.540066052239,-545.6518076796451
ref_001020.jpg,50.44473937495352,30.51104142189027,-635.0094207839772,-585.577549704985
ref_001021.jpg,50.44473937495352,30.511604685783396,-595.0836787586373,-585.577549704985
ref_001022.jpg,50.44473937495352,30.512167949676524,-555.1579367332974,-585.577549704985
ref_001023.jpg,50.44473937495352,30.51273121356965,-515.2321947079575,-585.577549704985
ref_001024.jpg,50.44473937495352,30.51329447746278,-475.3064526826177,-585.577549704985
ref_001025.jpg,50.44473937495352,30.513857741355906,-435.3807106572778,-585.577549704985
ref_001026.jpg,50.44473937495352,30.514421005249034,-395.4549686319379,-585.577549704985
ref_001027.jpg,50.44473937495352,30.51498426914216,-355.52922660659806,-585.577549704985
ref_001028.jpg,50.44473937495352,30.51554753303529,-315.60348458125816,-585.577549704985
ref_001029.jpg,50.44473937495352,30.516110796928416,-275.67774255591826,-585.577549704985
ref_001030.jpg,50.44473937495352,30.516674060821543,-235.75200053057839,-585.577549704985
ref_001031.jpg,50.44473937495352,30.51723732471467,-195.82625850523848,-585.577549704985
ref_001032.jpg,50.44473937495352,30.5178005886078,-155.9005164798986,-585.577549704985
ref_001033.jpg,50.44473937495352,30.518363852500926,-115.97477445455871,-585.577549704985
ref_001034.jpg,50.44473937495352,30.518927116394053,-76.04903242921883,-585.577549704985
ref_001035.jpg,50.44473937495352,30.51949038028718,-36.12329040387895,-585.577549704985
ref_001036.jpg,50.44473937495352,30.520053644180308,3.802451621460942,-585.577549704985
ref_001037.jpg,50.44473937495352,30.520616908073436,43.728193646800825,-585.577549704985
ref_001038.jpg,50.44473937495352,30.521180171966563,83.65393567214072,-585.577549704985
ref_001039.jpg,50.44473937495352,30.52174343585969,123.5796776974806,-585.577549704985
ref_001040.jpg,50.44473937495352,30.522306699752818,163.50541972282048,-585.577549704985
ref_001041.jpg,50.44473937495352,30.522869963645945,203.43116174816038,-585.577549704985
ref_001042.jpg,50.44473937495352,30.523433227539073,243.35690377350028,-585.577549704985
ref_001043.jpg,50.44473937495352,30.5239964914322,283.2826457988402,-585.577549704985
ref_001044.jpg,50.44473937495352,30.524559755325328,323.20838782418,-585.577549704985
ref_001045.jpg,50.44473937495352,30.525123019218455,363.1341298495199,-585.577549704985
ref_001046.jpg,50.44473937495352,30.525686283111582,403.0598718748598,-585.577549704985
ref_001047.jpg,50.44473937495352,30.52624954700471,442.9856139001997,-585.577549704985
ref_001048.jpg,50.44473937495352,30.526812810897837,482.91135592553957,-585.577549704985
ref_001049.jpg,50.44473937495352,30.527376074790965,522.8370979508795,-585.577549704985
ref_001050.jpg,50.44473937495352,30.527939338684092,562.7628399762193,-585.577549704985
ref_001051.jpg,50.44473937495352,30.52850260257722,602.6885820015592,-585.577549704985
ref_001052.jpg,50.44473937495352,30.529065866470347,642.6143240268991,-585.577549704985
ref_001053.jpg,50.44473937495352,30.529629130363475,682.540066052239,-585.577549704985
ref_001054.jpg,50.44438067467592,30.51104142189027,-635.0094207839772,-625.5032917303249
ref_001055.jpg,50.44438067467592,30.511604685783396,-595.0836787586373,-625.5032917303249
ref_001056.jpg,50.44438067467592,30.512167949676524,-555.1579367332974,-625.5032917303249
ref_001057.jpg,50.44438067467592,30.51273121356965,-515.2321947079575,-625.5032917303249
ref_001058.jpg,50.44438067467592,30.51329447746278,-475.3064526826177,-625.5032917303249
ref_001059.jpg,50.44438067467592,30.513857741355906,-435.3807106572778,-625.5032917303249
ref_001060.jpg,50.44438067467592,30.514421005249034,-395.4549686319379,-625.5032917303249
ref_001061.jpg,50.44438067467592,30.51498426914216,-355.52922660659806,-625.5032917303249
ref_001062.jpg,50.44438067467592,30.51554753303529,-315.60348458125816,-625.5032917303249
ref_001063.jpg,50.44438067467592,30.516110796928416,-275.67774255591826,-625.5032917303249
ref_001064.jpg,50.44438067467592,30.516674060821543,-235.75200053057839,-625.5032917303249
ref_001065.jpg,50.44438067467592,30.51723732471467,-195.82625850523848,-625.5032917303249
ref_001066.jpg,50.44438067467592,30.5178005886078,-155.9005164798986,-625.5032917303249
ref_001067.jpg,50.44438067467592,30.518363852500926,-115.97477445455871,-625.5032917303249
ref_001068.jpg,50.44438067467592,30.518927116394053,-76.04903242921883,-625.5032917303249
ref_001069.jpg,50.44438067467592,30.51949038028718,-36.12329040387895,-625.5032917303249
ref_001070.jpg,50.44438067467592,30.520053644180308,3.802451621460942,-625.5032917303249
ref_001071.jpg,50.44438067467592,30.520616908073436,43.728193646800825,-625.5032917303249
ref_001072.jpg,50.44438067467592,30.521180171966563,83.65393567214072,-625.5032917303249
ref_001073.jpg,50.44438067467592,30.52174343585969,123.5796776974806,-625.5032917303249
ref_001074.jpg,50.44438067467592,30.522306699752818,163.50541972282048,-625.5032917303249
ref_001075.jpg,50.44438067467592,30.522869963645945,203.43116174816038,-625.5032917303249
ref_001076.jpg,50.44438067467592,30.523433227539073,243.35690377350028,-625.5032917303249
ref_001077.jpg,50.44438067467592,30.5239964914322,283.2826457988402,-625.5032917303249
ref_001078.jpg,50.44438067467592,30.524559755325328,323.20838782418,-625.5032917303249
ref_001079.jpg,50.44438067467592,30.525123019218455,363.1341298495199,-625.5032917303249
ref_001080.jpg,50.44438067467592,30.525686283111582,403.0598718748598,-625.5032917303249
ref_001081.jpg,50.44438067467592,30.52624954700471,442.9856139001997,-625.5032917303249
ref_001082.jpg,50.44438067467592,30.526812810897837,482.91135592553957,-625.5032917303249
ref_001083.jpg,50.44438067467592,30.527376074790965,522.8370979508795,-625.5032917303249
ref_001084.jpg,50.44438067467592,30.527939338684092,562.7628399762193,-625.5032917303249
ref_001085.jpg,50.44438067467592,30.52850260257722,602.6885820015592,-625.5032917303249
ref_001086.jpg,50.44438067467592,30.529065866470347,642.6143240268991,-625.5032917303249
ref_001087.jpg,50.44438067467592,30.529629130363475,682.540066052239,-625.5032917303249
